25.00644796,24
25.01957824,15
25.03270852,21
25.0458388,10
25.05896909,16
25.07209937,13
25.08522965,20
25.09835994,23
25.11149022,13
25.1246205,15
25.13775078,21
25.15088107,17
25.16401135,22
25.17714163,15
25.19027191,11
25.2034022,19
25.21653248,10
25.22966276,13
25.24279304,10
25.25592333,13
25.26905361,13
25.28218389,19
25.29531418,19
25.30844446,14
25.32157474,13
25.33470502,19
25.34783531,10
25.36096559,16
25.37409587,16
25.38722615,16
25.40035644,14
25.41348672,10
25.426617,16
25.43974729,21
25.45287757,10
25.46600785,18
25.47913813,12
25.49226842,16
25.5053987,17
25.51852898,16
25.53165926,12
25.54478955,21
25.55791983,17
25.57105011,16
25.58418039,15
25.59731068,15
25.61044096,22
25.62357124,25
25.63670153,20
25.64983181,19
25.66296209,11
25.67609237,11
25.68922266,17
25.70235294,19
25.71548322,20
25.7286135,15
25.74174379,14
25.75487407,15
25.76800435,12
25.78113463,18
25.79426492,13
25.8073952,18
25.82052548,16
25.83365577,14
25.84678605,12
25.85991633,16
25.87304661,9
25.8861769,8
25.89930718,14
25.91243746,13
25.92556774,21
25.93869803,15
25.95182831,14
25.96495859,14
25.97808887,17
25.99121916,13
26.00434944,20
26.01747972,15
26.03061001,17
26.04374029,13
26.05687057,10
26.07000085,11
26.08313114,10
26.09626142,14
26.1093917,10
26.12252198,19
26.13565227,9
26.14878255,14
26.16191283,13
26.17504311,16
26.1881734,10
26.20130368,13
26.21443396,15
26.22756425,18
26.24069453,18
26.25382481,15
26.26695509,10
26.28008538,10
26.29321566,12
26.30634594,19
26.31947622,11
26.33260651,21
26.34573679,12
26.35886707,10
26.37199736,13
26.38512764,15
26.39825792,13
26.4113882,16
26.42451849,13
26.43764877,9
26.45077905,15
26.46390933,13
26.47703962,18
26.4901699,14
26.50330018,16
26.51643046,12
26.52956075,15
26.54269103,14
26.55582131,16
26.5689516,7
26.58208188,24
26.59521216,13
26.60834244,21
26.62147273,13
26.63460301,16
26.64773329,14
26.66086357,17
26.67399386,16
26.68712414,16
26.70025442,8
26.7133847,8
26.72651499,24
26.73964527,14
26.75277555,10
26.76590584,13
26.77903612,17
26.7921664,13
26.80529668,7
26.81842697,10
26.83155725,9
26.84468753,12
26.85781781,19
26.8709481,13
26.88407838,17
26.89720866,17
26.91033894,14
26.92346923,14
26.93659951,19
26.94972979,11
26.96286008,19
26.97599036,12
26.98912064,13
27.00225092,16
27.01538121,13
27.02851149,11
27.04164177,5
27.05477205,19
27.06790234,18
27.08103262,15
27.0941629,19
27.10729318,11
27.12042347,16
27.13355375,13
27.14668403,12
27.15981432,14
27.1729446,20
27.18607488,16
27.19920516,15
27.21233545,17
27.22546573,16
27.23859601,11
27.25172629,14
27.26485658,10
27.27798686,18
27.29111714,12
27.30424743,11
27.31737771,16
27.33050799,10
27.34363827,15
27.35676856,13
27.36989884,10
27.38302912,13
27.3961594,8
27.40928969,15
27.42241997,15
27.43555025,15
27.44868053,14
27.46181082,10
27.4749411,13
27.48807138,16
27.50120167,5
27.51433195,6
27.52746223,16
27.54059251,14
27.5537228,13
27.56685308,14
27.57998336,13
27.59311364,7
27.60624393,19
27.61937421,13
27.63250449,17
27.64563477,11
27.65876506,15
27.67189534,13
27.68502562,25
27.69815591,16
27.71128619,13
27.72441647,8
27.73754675,13
27.75067704,15
27.76380732,11
27.7769376,12
27.79006788,10
27.80319817,15
27.81632845,18
27.82945873,11
27.84258901,21
27.8557193,9
27.86884958,13
27.88197986,10
27.89511015,13
27.90824043,20
27.92137071,14
27.93450099,13
27.94763128,13
27.96076156,14
27.97389184,16
27.98702212,11
28.00015241,8
28.01328269,12
28.02641297,10
28.03954325,10
28.05267354,9
28.06580382,22
28.0789341,18
28.09206439,13
28.10519467,10
28.11832495,11
28.13145523,14
28.14458552,18
28.1577158,10
28.17084608,17
28.18397636,7
28.19710665,8
28.21023693,15
28.22336721,18
28.2364975,5
28.24962778,10
28.26275806,15
28.27588834,9
28.28901863,21
28.30214891,15
28.31527919,16
28.32840947,15
28.34153976,7
28.35467004,11
28.36780032,14
28.3809306,11
28.39406089,7
28.40719117,17
28.42032145,15
28.43345174,15
28.44658202,15
28.4597123,14
28.47284258,13
28.48597287,14
28.49910315,14
28.51223343,20
28.52536371,11
28.538494,17
28.55162428,8
28.56475456,11
28.57788484,8
28.59101513,10
28.60414541,7
28.61727569,9
28.63040598,10
28.64353626,12
28.65666654,10
28.66979682,21
28.68292711,20
28.69605739,13
28.70918767,15
28.72231795,8
28.73544824,10
28.74857852,13
28.7617088,6
28.77483908,12
28.78796937,7
28.80109965,14
28.81422993,13
28.82736022,15
28.8404905,14
28.85362078,18
28.86675106,14
28.87988135,10
28.89301163,8
28.90614191,11
28.91927219,11
28.93240248,13
28.94553276,8
28.95866304,11
28.97179332,17
28.98492361,15
28.99805389,12
29.01118417,16
29.02431446,15
29.03744474,13
29.05057502,17
29.0637053,16
29.07683559,15
29.08996587,13
29.10309615,10
29.11622643,20
29.12935672,10
29.142487,17
29.15561728,13
29.16874757,3
29.18187785,18
29.19500813,13
29.20813841,9
29.2212687,14
29.23439898,9
29.24752926,11
29.26065954,16
29.27378983,16
29.28692011,20
29.30005039,10
29.31318067,10
29.32631096,11
29.33944124,9
29.35257152,14
29.36570181,18
29.37883209,15
29.39196237,18
29.40509265,13
29.41822294,8
29.43135322,7
29.4444835,10
29.45761378,11
29.47074407,10
29.48387435,11
29.49700463,11
29.51013491,11
29.5232652,18
29.53639548,13
29.54952576,9
29.56265605,12
29.57578633,11
29.58891661,15
29.60204689,12
29.61517718,10
29.62830746,4
29.64143774,10
29.65456802,8
29.66769831,13
29.68082859,17
29.69395887,13
29.70708915,8
29.72021944,14
29.73334972,10
29.74648,14
29.75961029,17
29.77274057,13
29.78587085,15
29.79900113,15
29.81213142,14
29.8252617,7
29.83839198,12
29.85152226,16
29.86465255,13
29.87778283,11
29.89091311,16
29.90404339,16
29.91717368,13
29.93030396,13
29.94343424,18
29.95656453,10
29.96969481,10
29.98282509,8
29.99595537,16
30.00908566,14
30.02221594,16
30.03534622,13
30.0484765,14
30.06160679,19
30.07473707,12
30.08786735,14
30.10099764,13
30.11412792,11
30.1272582,20
30.14038848,17
30.15351877,8
30.16664905,14
30.17977933,12
30.19290961,15
30.2060399,13
30.21917018,11
30.23230046,16
30.24543074,15
30.25856103,11
30.27169131,17
30.28482159,12
30.29795188,17
30.31108216,5
30.32421244,17
30.33734272,16
30.35047301,19
30.36360329,19
30.37673357,19
30.38986385,20
30.40299414,22
30.41612442,18
30.4292547,38
30.44238498,29
30.45551527,34
30.46864555,45
30.48177583,42
30.49490612,46
30.5080364,57
30.52116668,67
30.53429696,92
30.54742725,73
30.56055753,87
30.57368781,83
30.58681809,89
30.59994838,116
30.61307866,148
30.62620894,210
30.63933922,217
30.65246951,283
30.66559979,250
30.67873007,219
30.69186036,209
30.70499064,193
30.71812092,180
30.7312512,148
30.74438149,124
30.75751177,98
30.77064205,74
30.78377233,70
30.79690262,54
30.8100329,43
30.82316318,22
30.83629346,17
30.84942375,22
30.86255403,19
30.87568431,17
30.8888146,9
30.90194488,10
30.91507516,25
30.92820544,16
30.94133573,15
30.95446601,15
30.96759629,11
30.98072657,10
30.99385686,13
31.00698714,13
31.02011742,14
31.03324771,15
31.04637799,15
31.05950827,10
31.07263855,21
31.08576884,18
31.09889912,11
31.1120294,14
31.12515968,14
31.13828997,19
31.15142025,10
31.16455053,10
31.17768081,14
31.1908111,11
31.20394138,13
31.21707166,11
31.23020195,14
31.24333223,8
31.25646251,13
31.26959279,13
31.28272308,10
31.29585336,19
31.30898364,12
31.32211392,18
31.33524421,12
31.34837449,11
31.36150477,11
31.37463505,13
31.38776534,15
31.40089562,17
31.4140259,18
31.42715619,15
31.44028647,10
31.45341675,15
31.46654703,14
31.47967732,9
31.4928076,13
31.50593788,20
31.51906816,13
31.53219845,8
31.54532873,17
31.55845901,14
31.57158929,17
31.58471958,10
31.59784986,14
31.61098014,12
31.62411043,21
31.63724071,10
31.65037099,14
31.66350127,14
31.67663156,19
31.68976184,18
31.70289212,16
31.7160224,13
31.72915269,17
31.74228297,25
31.75541325,23
31.76854353,33
31.78167382,33
31.7948041,28
31.80793438,31
31.82106467,44
31.83419495,38
31.84732523,48
31.86045551,60
31.8735858,70
31.88671608,82
31.89984636,109
31.91297664,127
31.92610693,128
31.93923721,164
31.95236749,147
31.96549778,165
31.97862806,206
31.99175834,297
32.00488862,409
32.01801891,412
32.03114919,460
32.04427947,446
32.05740975,445
32.07054004,315
32.08367032,273
32.0968006,267
32.10993088,250
32.12306117,227
32.13619145,171
32.14932173,136
32.16245202,112
32.1755823,70
32.18871258,43
32.20184286,23
32.21497315,23
32.22810343,11
32.24123371,21
32.25436399,17
32.26749428,17
32.28062456,12
32.29375484,13
32.30688512,14
32.32001541,14
32.33314569,14
32.34627597,13
32.35940626,12
32.37253654,11
32.38566682,9
32.3987971,16
32.41192739,22
32.42505767,16
32.43818795,15
32.45131823,17
32.46444852,15
32.4775788,16
32.49070908,9
32.50383936,12
32.51696965,11
32.53009993,7
32.54323021,6
32.5563605,9
32.56949078,8
32.58262106,6
32.59575134,7
32.60888163,10
32.62201191,9
32.63514219,15
32.64827247,11
32.66140276,7
32.67453304,15
32.68766332,12
32.7007936,10
32.71392389,17
32.72705417,7
32.74018445,12
32.75331474,9
32.76644502,10
32.7795753,13
32.79270558,15
32.80583587,7
32.81896615,6
32.83209643,11
32.84522671,5
32.858357,13
32.87148728,4
32.88461756,9
32.89774785,8
32.91087813,9
32.92400841,6
32.93713869,8
32.95026898,11
32.96339926,11
32.97652954,12
32.98965982,13
33.00279011,11
33.01592039,7
33.02905067,13
33.04218095,9
33.05531124,15
33.06844152,11
33.0815718,13
33.09470209,9
33.10783237,7
33.12096265,10
33.13409293,14
33.14722322,12
33.1603535,9
33.17348378,8
33.18661406,12
33.19974435,9
33.21287463,10
33.22600491,12
33.23913519,12
33.25226548,9
33.26539576,11
33.27852604,10
33.29165633,11
33.30478661,12
33.31791689,7
33.33104717,7
33.34417746,11
33.35730774,10
33.37043802,9
33.3835683,4
33.39669859,7
33.40982887,8
33.42295915,9
33.43608943,9
33.44921972,15
33.46235,8
33.47548028,8
33.48861057,11
33.50174085,10
33.51487113,7
33.52800141,12
33.5411317,17
33.55426198,6
33.56739226,9
33.58052254,10
33.59365283,7
33.60678311,8
33.61991339,7
33.63304367,9
33.64617396,9
33.65930424,15
33.67243452,12
33.68556481,8
33.69869509,10
33.71182537,12
33.72495565,6
33.73808594,7
33.75121622,10
33.7643465,6
33.77747678,11
33.79060707,5
33.80373735,17
33.81686763,7
33.82999792,8
33.8431282,11
33.85625848,6
33.86938876,10
33.88251905,10
33.89564933,9
33.90877961,12
33.92190989,14
33.93504018,7
33.94817046,16
33.96130074,7
33.97443102,6
33.98756131,7
34.00069159,13
34.01382187,10
34.02695216,7
34.04008244,10
34.05321272,11
34.066343,8
34.07947329,6
34.09260357,14
34.10573385,13
34.11886413,7
34.13199442,7
34.1451247,8
34.15825498,7
34.17138526,11
34.18451555,11
34.19764583,9
34.21077611,14
34.2239064,11
34.23703668,3
34.25016696,7
34.26329724,12
34.27642753,11
34.28955781,7
34.30268809,11
34.31581837,16
34.32894866,5
34.34207894,5
34.35520922,9
34.3683395,12
34.38146979,5
34.39460007,13
34.40773035,8
34.42086064,9
34.43399092,6
34.4471212,9
34.46025148,7
34.47338177,12
34.48651205,9
34.49964233,13
34.51277261,7
34.5259029,15
34.53903318,11
34.55216346,4
34.56529374,10
34.57842403,10
34.59155431,10
34.60468459,8
34.61781488,13
34.63094516,11
34.64407544,9
34.65720572,12
34.67033601,11
34.68346629,6
34.69659657,10
34.70972685,15
34.72285714,8
34.73598742,1
34.7491177,4
34.76224799,13
34.77537827,7
34.78850855,9
34.80163883,13
34.81476912,11
34.8278994,8
34.84102968,8
34.85415996,4
34.86729025,11
34.88042053,11
34.89355081,8
34.90668109,6
34.91981138,7
34.93294166,6
34.94607194,8
34.95920223,9
34.97233251,13
34.98546279,5
34.99859307,6
35.01172336,10
35.02485364,5
35.03798392,9
35.0511142,12
35.06424449,11
35.07737477,4
35.09050505,4
35.10363533,10
35.11676562,6
35.1298959,14
35.14302618,12
35.15615647,12
35.16928675,14
35.18241703,8
35.19554731,12
35.2086776,15
35.22180788,5
35.23493816,6
35.24806844,5
35.26119873,7
35.27432901,3
35.28745929,10
35.30058957,6
35.31371986,12
35.32685014,8
35.33998042,7
35.35311071,15
35.36624099,13
35.37937127,11
35.39250155,11
35.40563184,8
35.41876212,8
35.4318924,11
35.44502268,8
35.45815297,9
35.47128325,4
35.48441353,7
35.49754382,15
35.5106741,14
35.52380438,9
35.53693466,6
35.55006495,6
35.56319523,16
35.57632551,14
35.58945579,8
35.60258608,6
35.61571636,0
35.62884664,15
35.64197692,6
35.65510721,4
35.66823749,4
35.68136777,12
35.69449806,7
35.70762834,3
35.72075862,10
35.7338889,9
35.74701919,11
35.76014947,7
35.77327975,7
35.78641003,11
35.79954032,7
35.8126706,7
35.82580088,7
35.83893116,9
35.85206145,6
35.86519173,10
35.87832201,8
35.8914523,6
35.90458258,10
35.91771286,7
35.93084314,7
35.94397343,7
35.95710371,10
35.97023399,9
35.98336427,12
35.99649456,14
36.00962484,12
36.02275512,13
36.0358854,11
36.04901569,6
36.06214597,12
36.07527625,6
36.08840654,15
36.10153682,6
36.1146671,10
36.12779738,9
36.14092767,8
36.15405795,7
36.16718823,3
36.18031851,4
36.1934488,7
36.20657908,10
36.21970936,4
36.23283964,8
36.24596993,3
36.25910021,12
36.27223049,14
36.28536078,10
36.29849106,11
36.31162134,13
36.32475162,7
36.33788191,5
36.35101219,6
36.36414247,12
36.37727275,9
36.39040304,5
36.40353332,6
36.4166636,4
36.42979389,6
36.44292417,5
36.45605445,6
36.46918473,5
36.48231502,7
36.4954453,5
36.50857558,7
36.52170586,8
36.53483615,7
36.54796643,6
36.56109671,9
36.57422699,9
36.58735728,7
36.60048756,11
36.61361784,12
36.62674813,4
36.63987841,9
36.65300869,9
36.66613897,12
36.67926926,7
36.69239954,6
36.70552982,5
36.7186601,12
36.73179039,11
36.74492067,11
36.75805095,6
36.77118123,9
36.78431152,7
36.7974418,7
36.81057208,8
36.82370237,3
36.83683265,4
36.84996293,7
36.86309321,10
36.8762235,11
36.88935378,5
36.90248406,4
36.91561434,7
36.92874463,8
36.94187491,7
36.95500519,2
36.96813547,6
36.98126576,6
36.99439604,9
37.00752632,8
37.02065661,6
37.03378689,14
37.04691717,11
37.06004745,5
37.07317774,7
37.08630802,5
37.0994383,4
37.11256858,11
37.12569887,5
37.13882915,4
37.15195943,11
37.16508971,9
37.17822,6
37.19135028,4
37.20448056,4
37.21761085,5
37.23074113,10
37.24387141,7
37.25700169,11
37.27013198,5
37.28326226,6
37.29639254,11
37.30952282,11
37.32265311,3
37.33578339,9
37.34891367,6
37.36204396,10
37.37517424,9
37.38830452,8
37.4014348,10
37.41456509,7
37.42769537,7
37.44082565,8
37.45395593,6
37.46708622,8
37.4802165,9
37.49334678,10
37.50647706,5
37.51960735,6
37.53273763,9
37.54586791,8
37.5589982,7
37.57212848,7
37.58525876,8
37.59838904,12
37.61151933,12
37.62464961,8
37.63777989,9
37.65091017,11
37.66404046,13
37.67717074,5
37.69030102,7
37.7034313,8
37.71656159,10
37.72969187,6
37.74282215,8
37.75595244,12
37.76908272,3
37.782213,9
37.79534328,4
37.80847357,5
37.82160385,4
37.83473413,2
37.84786441,5
37.8609947,9
37.87412498,2
37.88725526,4
37.90038554,8
37.91351583,14
37.92664611,2
37.93977639,10
37.95290668,16
37.96603696,13
37.97916724,7
37.99229752,4
38.00542781,4
38.01855809,8
38.03168837,9
38.04481865,6
38.05794894,16
38.07107922,14
38.0842095,6
38.09733978,4
38.11047007,8
38.12360035,10
38.13673063,5
38.14986092,4
38.1629912,6
38.17612148,4
38.18925176,6
38.20238205,1
38.21551233,7
38.22864261,7
38.24177289,8
38.25490318,7
38.26803346,1
38.28116374,5
38.29429403,9
38.30742431,8
38.32055459,8
38.33368487,6
38.34681516,3
38.35994544,7
38.37307572,5
38.386206,10
38.39933629,9
38.41246657,10
38.42559685,8
38.43872713,4
38.45185742,6
38.4649877,7
38.47811798,8
38.49124827,5
38.50437855,11
38.51750883,8
38.53063911,10
38.5437694,9
38.55689968,17
38.57002996,13
38.58316024,16
38.59629053,17
38.60942081,19
38.62255109,15
38.63568137,15
38.64881166,16
38.66194194,6
38.67507222,11
38.68820251,15
38.70133279,17
38.71446307,10
38.72759335,10
38.74072364,16
38.75385392,11
38.7669842,10
38.78011448,7
38.79324477,6
38.80637505,4
38.81950533,10
38.83263561,11
38.8457659,2
38.85889618,11
38.87202646,8
38.88515675,4
38.89828703,6
38.91141731,6
38.92454759,15
38.93767788,16
38.95080816,4
38.96393844,9
38.97706872,7
38.99019901,3
39.00332929,8
39.01645957,7
39.02958985,9
39.04272014,2
39.05585042,5
39.0689807,6
39.08211099,12
39.09524127,12
39.10837155,11
39.12150183,7
39.13463212,3
39.1477624,3
39.16089268,7
39.17402296,1
39.18715325,6
39.20028353,5
39.21341381,9
39.2265441,8
39.23967438,8
39.25280466,4
39.26593494,4
39.27906523,8
39.29219551,8
39.30532579,4
39.31845607,3
39.33158636,5
39.34471664,8
39.35784692,7
39.3709772,9
39.38410749,2
39.39723777,7
39.41036805,4
39.42349834,7
39.43662862,7
39.4497589,8
39.46288918,9
39.47601947,5
39.48914975,9
39.50228003,7
39.51541031,6
39.5285406,4
39.54167088,4
39.55480116,7
39.56793144,6
39.58106173,9
39.59419201,8
39.60732229,7
39.62045258,9
39.63358286,7
39.64671314,6
39.65984342,6
39.67297371,6
39.68610399,11
39.69923427,14
39.71236455,11
39.72549484,8
39.73862512,12
39.7517554,4
39.76488568,9
39.77801597,5
39.79114625,8
39.80427653,2
39.81740682,8
39.8305371,5
39.84366738,6
39.85679766,3
39.86992795,7
39.88305823,8
39.89618851,7
39.90931879,3
39.92244908,3
39.93557936,6
39.94870964,3
39.96183992,4
39.97497021,12
39.98810049,5
40.00123077,7
40.01436106,4
40.02749134,6
40.04062162,7
40.0537519,9
40.06688219,16
40.08001247,5
40.09314275,10
40.10627303,2
40.11940332,7
40.1325336,8
40.14566388,7
40.15879417,3
40.17192445,10
40.18505473,4
40.19818501,5
40.2113153,5
40.22444558,2
40.23757586,5
40.25070614,8
40.26383643,5
40.27696671,6
40.29009699,4
40.30322727,3
40.31635756,2
40.32948784,9
40.34261812,3
40.35574841,2
40.36887869,4
40.38200897,3
40.39513925,5
40.40826954,5
40.42139982,8
40.4345301,7
40.44766038,3
40.46079067,5
40.47392095,10
40.48705123,6
40.50018151,7
40.5133118,9
40.52644208,4
40.53957236,6
40.55270265,2
40.56583293,4
40.57896321,7
40.59209349,6
40.60522378,13
40.61835406,7
40.63148434,3
40.64461462,6
40.65774491,9
40.67087519,5
40.68400547,7
40.69713575,5
40.71026604,10
40.72339632,10
40.7365266,2
40.74965689,9
40.76278717,8
40.77591745,5
40.78904773,9
40.80217802,12
40.8153083,8
40.82843858,5
40.84156886,7
40.85469915,5
40.86782943,9
40.88095971,5
40.89408999,6
40.90722028,3
40.92035056,5
40.93348084,4
40.94661113,10
40.95974141,5
40.97287169,5
40.98600197,5
40.99913226,5
41.01226254,4
41.02539282,4
41.0385231,5
41.05165339,2
41.06478367,6
41.07791395,4
41.09104424,7
41.10417452,5
41.1173048,1
41.13043508,1
41.14356537,5
41.15669565,4
41.16982593,6
41.18295621,10
41.1960865,5
41.20921678,4
41.22234706,5
41.23547734,7
41.24860763,4
41.26173791,4
41.27486819,5
41.28799848,4
41.30112876,8
41.31425904,8
41.32738932,7
41.34051961,7
41.35364989,8
41.36678017,5
41.37991045,4
41.39304074,2
41.40617102,3
41.4193013,6
41.43243158,8
41.44556187,1
41.45869215,5
41.47182243,7
41.48495272,4
41.498083,7
41.51121328,8
41.52434356,3
41.53747385,11
41.55060413,1
41.56373441,7
41.57686469,7
41.58999498,11
41.60312526,8
41.61625554,4
41.62938582,7
41.64251611,6
41.65564639,5
41.66877667,5
41.68190696,5
41.69503724,7
41.70816752,5
41.7212978,2
41.73442809,3
41.74755837,8
41.76068865,10
41.77381893,8
41.78694922,5
41.8000795,9
41.81320978,7
41.82634006,2
41.83947035,8
41.85260063,3
41.86573091,11
41.8788612,3
41.89199148,7
41.90512176,3
41.91825204,3
41.93138233,4
41.94451261,4
41.95764289,2
41.97077317,1
41.98390346,5
41.99703374,7
42.01016402,2
42.02329431,7
42.03642459,6
42.04955487,7
42.06268515,11
42.07581544,2
42.08894572,6
42.102076,5
42.11520628,2
42.12833657,4
42.14146685,6
42.15459713,6
42.16772741,0
42.1808577,5
42.19398798,5
42.20711826,5
42.22024855,9
42.23337883,8
42.24650911,11
42.25963939,7
42.27276968,7
42.28589996,7
42.29903024,7
42.31216052,13
42.32529081,7
42.33842109,2
42.35155137,6
42.36468165,12
42.37781194,7
42.39094222,3
42.4040725,3
42.41720279,4
42.43033307,5
42.44346335,11
42.45659363,7
42.46972392,8
42.4828542,4
42.49598448,7
42.50911476,6
42.52224505,7
42.53537533,8
42.54850561,1
42.56163589,4
42.57476618,5
42.58789646,1
42.60102674,8
42.61415703,2
42.62728731,3
42.64041759,11
42.65354787,3
42.66667816,7
42.67980844,6
42.69293872,5
42.706069,6
42.71919929,5
42.73232957,7
42.74545985,4
42.75859013,3
42.77172042,3
42.7848507,5
42.79798098,11
42.81111127,6
42.82424155,2
42.83737183,9
42.85050211,3
42.8636324,5
42.87676268,9
42.88989296,10
42.90302324,5
42.91615353,6
42.92928381,8
42.94241409,4
42.95554438,10
42.96867466,6
42.98180494,13
42.99493522,7
43.00806551,10
43.02119579,10
43.03432607,11
43.04745635,10
43.06058664,7
43.07371692,5
43.0868472,10
43.09997748,5
43.11310777,9
43.12623805,9
43.13936833,15
43.15249862,7
43.1656289,5
43.17875918,5
43.19188946,8
43.20501975,6
43.21815003,4
43.23128031,10
43.24441059,6
43.25754088,6
43.27067116,9
43.28380144,11
43.29693172,14
43.31006201,8
43.32319229,11
43.33632257,6
43.34945286,10
43.36258314,12
43.37571342,4
43.3888437,13
43.40197399,6
43.41510427,2
43.42823455,9
43.44136483,4
43.45449512,6
43.4676254,6
43.48075568,5
43.49388596,7
43.50701625,6
43.52014653,5
43.53327681,6
43.5464071,9
43.55953738,4
43.57266766,8
43.58579794,12
43.59892823,12
43.61205851,11
43.62518879,4
43.63831907,5
43.65144936,16
43.66457964,10
43.67770992,7
43.6908402,18
43.70397049,14
43.71710077,17
43.73023105,13
43.74336134,22
43.75649162,24
43.7696219,27
43.78275218,24
43.79588247,36
43.80901275,35
43.82214303,40
43.83527331,51
43.8484036,66
43.86153388,88
43.87466416,93
43.88779445,119
43.90092473,127
43.91405501,114
43.92718529,96
43.94031558,70
43.95344586,58
43.96657614,49
43.97970642,63
43.99283671,49
44.00596699,69
44.01909727,72
44.03222755,53
44.04535784,52
44.05848812,22
44.0716184,26
44.08474869,16
44.09787897,11
44.11100925,9
44.12413953,8
44.13726982,8
44.1504001,8
44.16353038,8
44.17666066,1
44.18979095,11
44.20292123,13
44.21605151,3
44.22918179,4
44.24231208,6
44.25544236,8
44.26857264,6
44.28170293,7
44.29483321,6
44.30796349,2
44.32109377,9
44.33422406,7
44.34735434,3
44.36048462,7
44.3736149,6
44.38674519,5
44.39987547,10
44.41300575,10
44.42613603,7
44.43926632,3
44.4523966,7
44.46552688,10
44.47865717,8
44.49178745,7
44.50491773,7
44.51804801,5
44.5311783,9
44.54430858,11
44.55743886,10
44.57056914,3
44.58369943,8
44.59682971,18
44.60995999,6
44.62309027,11
44.63622056,10
44.64935084,13
44.66248112,17
44.67561141,19
44.68874169,14
44.70187197,22
44.71500225,23
44.72813254,21
44.74126282,36
44.7543931,35
44.76752338,35
44.78065367,69
44.79378395,44
44.80691423,72
44.82004452,93
44.8331748,87
44.84630508,90
44.85943536,142
44.87256565,161
44.88569593,248
44.89882621,326
44.91195649,346
44.92508678,352
44.93821706,302
44.95134734,219
44.96447762,177
44.97760791,149
44.99073819,149
45.00386847,129
45.01699876,145
45.03012904,180
45.04325932,159
45.0563896,101
45.06951989,105
45.08265017,82
45.09578045,59
45.10891073,36
45.12204102,21
45.1351713,16
45.14830158,18
45.16143186,14
45.17456215,17
45.18769243,11
45.20082271,14
45.213953,5
45.22708328,15
45.24021356,11
45.25334384,9
45.26647413,12
45.27960441,8
45.29273469,7
45.30586497,3
45.31899526,7
45.33212554,5
45.34525582,7
45.3583861,8
45.37151639,8
45.38464667,6
45.39777695,4
45.41090724,10
45.42403752,6
45.4371678,4
45.45029808,8
45.46342837,6
45.47655865,6
45.48968893,9
45.50281921,5
45.5159495,8
45.52907978,5
45.54221006,8
45.55534034,9
45.56847063,9
45.58160091,5
45.59473119,2
45.60786148,2
45.62099176,4
45.63412204,10
45.64725232,1
45.66038261,0
45.67351289,6
45.68664317,8
45.69977345,9
45.71290374,4
45.72603402,7
45.7391643,0
45.75229459,1
45.76542487,6
45.77855515,14
45.79168543,2
45.80481572,5
45.817946,6
45.83107628,6
45.84420656,9
45.85733685,3
45.87046713,4
45.88359741,3
45.89672769,6
45.90985798,3
45.92298826,5
45.93611854,3
45.94924883,7
45.96237911,3
45.97550939,6
45.98863967,6
46.00176996,4
46.01490024,6
46.02803052,4
46.0411608,0
46.05429109,0
46.06742137,8
46.08055165,0
46.09368193,6
46.10681222,5
46.1199425,1
46.13307278,4
46.14620307,3
46.15933335,7
46.17246363,3
46.18559391,6
46.1987242,6
46.21185448,8
46.22498476,7
46.23811504,2
46.25124533,0
46.26437561,6
46.27750589,2
46.29063617,3
46.30376646,3
46.31689674,5
46.33002702,2
46.34315731,5
46.35628759,5
46.36941787,3
46.38254815,4
46.39567844,5
46.40880872,4
46.421939,2
46.43506928,5
46.44819957,1
46.46132985,4
46.47446013,5
46.48759041,2
46.5007207,4
46.51385098,5
46.52698126,7
46.54011155,1
46.55324183,2
46.56637211,5
46.57950239,5
46.59263268,9
46.60576296,3
46.61889324,1
46.63202352,6
46.64515381,3
46.65828409,3
46.67141437,0
46.68454466,11
46.69767494,5
46.71080522,5
46.7239355,3
46.73706579,5
46.75019607,7
46.76332635,1
46.77645663,4
46.78958692,4
46.8027172,5
46.81584748,7
46.82897776,2
46.84210805,5
46.85523833,6
46.86836861,3
46.8814989,1
46.89462918,1
46.90775946,6
46.92088974,5
46.93402003,3
46.94715031,2
46.96028059,3
46.97341087,3
46.98654116,11
46.99967144,5
47.01280172,4
47.025932,0
47.03906229,6
47.05219257,3
47.06532285,8
47.07845314,3
47.09158342,5
47.1047137,6
47.11784398,1
47.13097427,0
47.14410455,0
47.15723483,3
47.17036511,7
47.1834954,5
47.19662568,1
47.20975596,3
47.22288624,5
47.23601653,5
47.24914681,2
47.26227709,1
47.27540738,10
47.28853766,3
47.30166794,5
47.31479822,6
47.32792851,3
47.34105879,0
47.35418907,3
47.36731935,4
47.38044964,3
47.39357992,6
47.4067102,4
47.41984048,1
47.43297077,3
47.44610105,5
47.45923133,2
47.47236162,3
47.4854919,6
47.49862218,3
47.51175246,5
47.52488275,4
47.53801303,6
47.55114331,3
47.56427359,4
47.57740388,6
47.59053416,0
47.60366444,6
47.61679473,6
47.62992501,3
47.64305529,8
47.65618557,7
47.66931586,7
47.68244614,7
47.69557642,2
47.7087067,2
47.72183699,4
47.73496727,8
47.74809755,8
47.76122783,3
47.77435812,2
47.7874884,3
47.80061868,2
47.81374897,4
47.82687925,8
47.84000953,8
47.85313981,4
47.8662701,6
47.87940038,6
47.89253066,3
47.90566094,7
47.91879123,4
47.93192151,6
47.94505179,5
47.95818207,1
47.97131236,5
47.98444264,5
47.99757292,3
48.01070321,4
48.02383349,3
48.03696377,4
48.05009405,5
48.06322434,3
48.07635462,7
48.0894849,3
48.10261518,4
48.11574547,2
48.12887575,6
48.14200603,1
48.15513631,2
48.1682666,2
48.18139688,3
48.19452716,6
48.20765745,7
48.22078773,4
48.23391801,4
48.24704829,2
48.26017858,5
48.27330886,2
48.28643914,5
48.29956942,7
48.31269971,0
48.32582999,1
48.33896027,6
48.35209056,0
48.36522084,7
48.37835112,3
48.3914814,2
48.40461169,2
48.41774197,0
48.43087225,4
48.44400253,2
48.45713282,3
48.4702631,4
48.48339338,0
48.49652366,4
48.50965395,2
48.52278423,6
48.53591451,6
48.5490448,2
48.56217508,3
48.57530536,5
48.58843564,5
48.60156593,7
48.61469621,1
48.62782649,3
48.64095677,3
48.65408706,1
48.66721734,2
48.68034762,3
48.6934779,2
48.70660819,2
48.71973847,3
48.73286875,4
48.74599904,2
48.75912932,6
48.7722596,7
48.78538988,3
48.79852017,2
48.81165045,0
48.82478073,2
48.83791101,3
48.8510413,2
48.86417158,4
48.87730186,6
48.89043214,4
48.90356243,3
48.91669271,4
48.92982299,4
48.94295328,3
48.95608356,3
48.96921384,3
48.98234412,6
48.99547441,0
49.00860469,2
49.02173497,6
49.03486525,0
49.04799554,7
49.06112582,2
49.0742561,3
49.08738638,5
49.10051667,5
49.11364695,0
49.12677723,6
49.13990752,5
49.1530378,3
49.16616808,5
49.17929836,5
49.19242865,4
49.20555893,3
49.21868921,3
49.23181949,0
49.24494978,4
49.25808006,3
49.27121034,2
49.28434063,2
49.29747091,3
49.31060119,2
49.32373147,8
49.33686176,6
49.34999204,4
49.36312232,4
49.3762526,1
49.38938289,4
49.40251317,2
49.41564345,3
49.42877373,4
49.44190402,4
49.4550343,2
49.46816458,2
49.48129487,5
49.49442515,9
49.50755543,3
49.52068571,2
49.533816,1
49.54694628,3
49.56007656,7
49.57320684,8
49.58633713,6
49.59946741,2
49.61259769,5
49.62572797,4
49.63885826,2
49.65198854,1
49.66511882,3
49.67824911,3
49.69137939,4
49.70450967,3
49.71763995,0
49.73077024,1
49.74390052,2
49.7570308,5
49.77016108,1
49.78329137,3
49.79642165,1
49.80955193,0
49.82268221,4
49.8358125,0
49.84894278,4
49.86207306,3
49.87520335,4
49.88833363,8
49.90146391,3
49.91459419,4
49.92772448,3
49.94085476,2
49.95398504,3
49.96711532,3
49.98024561,1
49.99337589,3
50.00650617,3
50.01963645,4
50.03276674,1
50.04589702,4
50.0590273,5
50.07215759,3
50.08528787,4
50.09841815,3
50.11154843,3
50.12467872,1
50.137809,4
50.15093928,2
50.16406956,2
50.17719985,5
50.19033013,2
50.20346041,5
50.2165907,2
50.22972098,2
50.24285126,2
50.25598154,4
50.26911183,0
50.28224211,1
50.29537239,4
50.30850267,3
50.32163296,3
50.33476324,2
50.34789352,1
50.3610238,7
50.37415409,5
50.38728437,4
50.40041465,6
50.41354494,2
50.42667522,2
50.4398055,3
50.45293578,1
50.46606607,2
50.47919635,2
50.49232663,7
50.50545691,2
50.5185872,1
50.53171748,2
50.54484776,1
50.55797804,2
50.57110833,1
50.58423861,2
50.59736889,3
50.61049918,4
50.62362946,2
50.63675974,4
50.64989002,1
50.66302031,1
50.67615059,5
50.68928087,2
50.70241115,2
50.71554144,3
50.72867172,5
50.741802,4
50.75493228,5
50.76806257,3
50.78119285,3
50.79432313,1
50.80745342,4
50.8205837,1
50.83371398,1
50.84684426,7
50.85997455,5
50.87310483,3
50.88623511,4
50.89936539,4
50.91249568,2
50.92562596,2
50.93875624,2
50.95188652,4
50.96501681,0
50.97814709,1
50.99127737,3
51.00440766,5
51.01753794,4
51.03066822,3
51.0437985,2
51.05692879,1
51.07005907,2
51.08318935,5
51.09631963,2
51.10944992,12
51.1225802,1
51.13571048,1
51.14884077,5
51.16197105,4
51.17510133,5
51.18823161,3
51.2013619,5
51.21449218,3
51.22762246,7
51.24075274,7
51.25388303,6
51.26701331,4
51.28014359,3
51.29327387,3
51.30640416,1
51.31953444,1
51.33266472,3
51.34579501,6
51.35892529,2
51.37205557,2
51.38518585,2
51.39831614,0
51.41144642,2
51.4245767,5
51.43770698,5
51.45083727,8
51.46396755,3
51.47709783,2
51.49022811,6
51.5033584,0
51.51648868,2
51.52961896,1
51.54274925,5
51.55587953,2
51.56900981,6
51.58214009,3
51.59527038,0
51.60840066,1
51.62153094,2
51.63466122,6
51.64779151,4
51.66092179,3
51.67405207,2
51.68718235,3
51.70031264,6
51.71344292,0
51.7265732,5
51.73970349,4
51.75283377,1
51.76596405,5
51.77909433,1
51.79222462,2
51.8053549,4
51.81848518,5
51.83161546,4
51.84474575,2
51.85787603,9
51.87100631,1
51.88413659,6
51.89726688,4
51.91039716,2
51.92352744,3
51.93665773,1
51.94978801,2
51.96291829,3
51.97604857,3
51.98917886,1
52.00230914,5
52.01543942,3
52.0285697,4
52.04169999,3
52.05483027,7
52.06796055,1
52.08109084,2
52.09422112,1
52.1073514,0
52.12048168,1
52.13361197,6
52.14674225,7
52.15987253,8
52.17300281,2
52.1861331,1
52.19926338,7
52.21239366,7
52.22552394,3
52.23865423,4
52.25178451,4
52.26491479,0
52.27804508,0
52.29117536,6
52.30430564,4
52.31743592,3
52.33056621,6
52.34369649,0
52.35682677,4
52.36995705,1
52.38308734,3
52.39621762,4
52.4093479,4
52.42247818,2
52.43560847,2
52.44873875,0
52.46186903,3
52.47499932,3
52.4881296,6
52.50125988,4
52.51439016,7
52.52752045,5
52.54065073,2
52.55378101,4
52.56691129,2
52.58004158,3
52.59317186,6
52.60630214,3
52.61943242,4
52.63256271,2
52.64569299,2
52.65882327,7
52.67195356,7
52.68508384,5
52.69821412,3
52.7113444,1
52.72447469,2
52.73760497,1
52.75073525,3
52.76386553,5
52.77699582,4
52.7901261,3
52.80325638,5
52.81638666,2
52.82951695,4
52.84264723,1
52.85577751,8
52.8689078,9
52.88203808,3
52.89516836,2
52.90829864,1
52.92142893,1
52.93455921,3
52.94768949,5
52.96081977,1
52.97395006,3
52.98708034,3
53.00021062,4
53.01334091,4
53.02647119,4
53.03960147,1
53.05273175,2
53.06586204,2
53.07899232,6
53.0921226,5
53.10525288,1
53.11838317,5
53.13151345,0
53.14464373,3
53.15777401,0
53.1709043,0
53.18403458,9
53.19716486,4
53.21029515,0
53.22342543,0
53.23655571,3
53.24968599,5
53.26281628,2
53.27594656,2
53.28907684,3
53.30220712,3
53.31533741,3
53.32846769,6
53.34159797,1
53.35472825,4
53.36785854,2
53.38098882,3
53.3941191,5
53.40724939,5
53.42037967,2
53.43350995,7
53.44664023,4
53.45977052,1
53.4729008,6
53.48603108,2
53.49916136,4
53.51229165,7
53.52542193,3
53.53855221,0
53.55168249,6
53.56481278,4
53.57794306,4
53.59107334,3
53.60420363,3
53.61733391,3
53.63046419,5
53.64359447,2
53.65672476,0
53.66985504,2
53.68298532,5
53.6961156,7
53.70924589,5
53.72237617,4
53.73550645,0
53.74863673,3
53.76176702,0
53.7748973,0
53.78802758,2
53.80115787,7
53.81428815,9
53.82741843,3
53.84054871,1
53.853679,1
53.86680928,1
53.87993956,7
53.89306984,2
53.90620013,3
53.91933041,2
53.93246069,2
53.94559098,1
53.95872126,1
53.97185154,5
53.98498182,0
53.99811211,3
54.01124239,0
54.02437267,3
54.03750295,3
54.05063324,5
54.06376352,2
54.0768938,1
54.09002408,1
54.10315437,4
54.11628465,2
54.12941493,2
54.14254522,4
54.1556755,3
54.16880578,0
54.18193606,2
54.19506635,3
54.20819663,2
54.22132691,1
54.23445719,4
54.24758748,4
54.26071776,4
54.27384804,2
54.28697832,5
54.30010861,6
54.31323889,2
54.32636917,3
54.33949946,0
54.35262974,3
54.36576002,0
54.3788903,0
54.39202059,7
54.40515087,2
54.41828115,1
54.43141143,2
54.44454172,2
54.457672,1
54.47080228,2
54.48393256,1
54.49706285,3
54.51019313,1
54.52332341,5
54.5364537,1
54.54958398,8
54.56271426,6
54.57584454,4
54.58897483,3
54.60210511,5
54.61523539,4
54.62836567,6
54.64149596,3
54.65462624,2
54.66775652,2
54.6808868,5
54.69401709,0
54.70714737,5
54.72027765,2
54.73340794,4
54.74653822,4
54.7596685,2
54.77279878,2
54.78592907,1
54.79905935,2
54.81218963,3
54.82531991,2
54.8384502,4
54.85158048,3
54.86471076,4
54.87784105,8
54.89097133,4
54.90410161,5
54.91723189,8
54.93036218,0
54.94349246,2
54.95662274,5
54.96975302,3
54.98288331,5
54.99601359,2
55.00914387,6
55.02227415,6
55.03540444,4
55.04853472,4
55.061665,2
55.07479529,3
55.08792557,5
55.10105585,6
55.11418613,7
55.12731642,2
55.1404467,3
55.15357698,4
55.16670726,9
55.17983755,7
55.19296783,7
55.20609811,12
55.21922839,18
55.23235868,15
55.24548896,21
55.25861924,27
55.27174953,28
55.28487981,29
55.29801009,21
55.31114037,58
55.32427066,65
55.33740094,74
55.35053122,91
55.3636615,81
55.37679179,63
55.38992207,45
55.40305235,47
55.41618263,27
55.42931292,24
55.4424432,17
55.45557348,29
55.46870377,32
55.48183405,36
55.49496433,41
55.50809461,35
55.5212249,22
55.53435518,24
55.54748546,24
55.56061574,13
55.57374603,19
55.58687631,9
55.60000659,6
55.61313687,4
55.62626716,4
55.63939744,3
55.65252772,4
55.66565801,1
55.67878829,9
55.69191857,4
55.70504885,3
55.71817914,10
55.73130942,5
55.7444397,8
55.75756998,1
55.77070027,6
55.78383055,6
55.79696083,4
55.81009112,2
55.8232214,5
55.83635168,2
55.84948196,2
55.86261225,3
55.87574253,6
55.88887281,4
55.90200309,3
55.91513338,3
55.92826366,4
55.94139394,6
55.95452422,4
55.96765451,2
55.98078479,0
55.99391507,1
56.00704536,6
56.02017564,4
56.03330592,4
56.0464362,1
56.05956649,5
56.07269677,4
56.08582705,5
56.09895733,4
56.11208762,6
56.1252179,3
56.13834818,3
56.15147846,4
56.16460875,2
56.17773903,7
56.19086931,3
56.2039996,6
56.21712988,0
56.23026016,3
56.24339044,3
56.25652073,0
56.26965101,6
56.28278129,1
56.29591157,1
56.30904186,4
56.32217214,4
56.33530242,4
56.3484327,9
56.36156299,3
56.37469327,1
56.38782355,2
56.40095384,3
56.41408412,3
56.4272144,3
56.44034468,0
56.45347497,1
56.46660525,4
56.47973553,1
56.49286581,1
56.5059961,2
56.51912638,3
56.53225666,3
56.54538694,2
56.55851723,5
56.57164751,1
56.58477779,1
56.59790808,3
56.61103836,3
56.62416864,6
56.63729892,5
56.65042921,3
56.66355949,7
56.67668977,5
56.68982005,2
56.70295034,3
56.71608062,2
56.7292109,5
56.74234119,3
56.75547147,6
56.76860175,4
56.78173203,4
56.79486232,9
56.8079926,2
56.82112288,1
56.83425316,7
56.84738345,5
56.86051373,5
56.87364401,2
56.88677429,7
56.89990458,2
56.91303486,1
56.92616514,6
56.93929543,2
56.95242571,1
56.96555599,3
56.97868627,4
56.99181656,0
57.00494684,5
57.01807712,4
57.0312074,4
57.04433769,8
57.05746797,3
57.07059825,6
57.08372853,5
57.09685882,2
57.1099891,2
57.12311938,2
57.13624967,4
57.14937995,2
57.16251023,6
57.17564051,6
57.1887708,1
57.20190108,2
57.21503136,3
57.22816164,3
57.24129193,1
57.25442221,1
57.26755249,2
57.28068277,0
57.29381306,5
57.30694334,4
57.32007362,6
57.33320391,2
57.34633419,0
57.35946447,5
57.37259475,5
57.38572504,1
57.39885532,2
57.4119856,5
57.42511588,1
57.43824617,3
57.45137645,8
57.46450673,3
57.47763701,3
57.4907673,1
57.50389758,1
57.51702786,2
57.53015815,2
57.54328843,1
57.55641871,4
57.56954899,2
57.58267928,7
57.59580956,2
57.60893984,2
57.62207012,5
57.63520041,7
57.64833069,1
57.66146097,3
57.67459126,2
57.68772154,1
57.70085182,2
57.7139821,3
57.72711239,3
57.74024267,6
57.75337295,2
57.76650323,4
57.77963352,4
57.7927638,2
57.80589408,2
57.81902436,2
57.83215465,1
57.84528493,2
57.85841521,3
57.8715455,4
57.88467578,2
57.89780606,5
57.91093634,4
57.92406663,6
57.93719691,6
57.95032719,2
57.96345747,7
57.97658776,5
57.98971804,6
58.00284832,2
58.0159786,6
58.02910889,4
58.04223917,5
58.05536945,3
58.06849974,6
58.08163002,1
58.0947603,2
58.10789058,4
58.12102087,7
58.13415115,1
58.14728143,1
58.16041171,5
58.173542,4
58.18667228,5
58.19980256,4
58.21293284,5
58.22606313,5
58.23919341,0
58.25232369,5
58.26545398,0
58.27858426,3
58.29171454,1
58.30484482,3
58.31797511,1
58.33110539,2
58.34423567,1
58.35736595,6
58.37049624,2
58.38362652,2
58.3967568,5
58.40988708,0
58.42301737,0
58.43614765,8
58.44927793,3
58.46240822,3
58.4755385,1
58.48866878,2
58.50179906,6
58.51492935,3
58.52805963,1
58.54118991,2
58.55432019,2
58.56745048,2
58.58058076,6
58.59371104,3
58.60684133,4
58.61997161,6
58.63310189,1
58.64623217,6
58.65936246,5
58.67249274,5
58.68562302,3
58.6987533,4
58.71188359,4
58.72501387,8
58.73814415,3
58.75127443,1
58.76440472,1
58.777535,3
58.79066528,6
58.80379557,1
58.81692585,4
58.83005613,5
58.84318641,1
58.8563167,3
58.86944698,2
58.88257726,6
58.89570754,1
58.90883783,6
58.92196811,3
58.93509839,3
58.94822867,4
58.96135896,0
58.97448924,4
58.98761952,1
59.00074981,4
59.01388009,3
59.02701037,5
59.04014065,4
59.05327094,2
59.06640122,1
59.0795315,2
59.09266178,6
59.10579207,1
59.11892235,2
59.13205263,4
59.14518291,6
59.1583132,3
59.17144348,6
59.18457376,3
59.19770405,7
59.21083433,5
59.22396461,1
59.23709489,1
59.25022518,4
59.26335546,4
59.27648574,0
59.28961602,4
59.30274631,2
59.31587659,2
59.32900687,2
59.34213715,3
59.35526744,3
59.36839772,2
59.381528,8
59.39465829,3
59.40778857,2
59.42091885,2
59.43404913,4
59.44717942,4
59.4603097,1
59.47343998,1
59.48657026,5
59.49970055,4
59.51283083,8
59.52596111,2
59.5390914,2
59.55222168,5
59.56535196,4
59.57848224,2
59.59161253,5
59.60474281,5
59.61787309,5
59.63100337,8
59.64413366,1
59.65726394,4
59.67039422,0
59.6835245,2
59.69665479,2
59.70978507,4
59.72291535,3
59.73604564,3
59.74917592,2
59.7623062,7
59.77543648,0
59.78856677,3
59.80169705,3
59.81482733,4
59.82795761,4
59.8410879,0
59.85421818,7
59.86734846,7
59.88047874,3
59.89360903,4
59.90673931,4
59.91986959,6
59.93299988,9
59.94613016,3
59.95926044,5
59.97239072,11
59.98552101,4
59.99865129,2
60.01178157,5
60.02491185,5
60.03804214,2
60.05117242,1
60.0643027,0
60.07743298,10
60.09056327,1
60.10369355,3
60.11682383,3
60.12995412,2
60.1430844,4
60.15621468,3
60.16934496,2
60.18247525,4
60.19560553,6
60.20873581,6
60.22186609,4
60.23499638,2
60.24812666,4
60.26125694,6
60.27438722,2
60.28751751,5
60.30064779,6
60.31377807,4
60.32690836,4
60.34003864,9
60.35316892,5
60.3662992,0
60.37942949,2
60.39255977,0
60.40569005,4
60.41882033,6
60.43195062,3
60.4450809,1
60.45821118,6
60.47134147,6
60.48447175,6
60.49760203,6
60.51073231,5
60.5238626,3
60.53699288,3
60.55012316,3
60.56325344,8
60.57638373,4
60.58951401,3
60.60264429,6
60.61577457,5
60.62890486,3
60.64203514,6
60.65516542,3
60.66829571,3
60.68142599,3
60.69455627,7
60.70768655,3
60.72081684,2
60.73394712,4
60.7470774,4
60.76020768,5
60.77333797,6
60.78646825,5
60.79959853,4
60.81272881,3
60.8258591,3
60.83898938,5
60.85211966,4
60.86524995,5
60.87838023,6
60.89151051,3
60.90464079,4
60.91777108,3
60.93090136,8
60.94403164,4
60.95716192,3
60.97029221,7
60.98342249,5
60.99655277,2
61.00968305,2
61.02281334,7
61.03594362,5
61.0490739,3
61.06220419,4
61.07533447,3
61.08846475,6
61.10159503,1
61.11472532,2
61.1278556,6
61.14098588,0
61.15411616,1
61.16724645,4
61.18037673,3
61.19350701,5
61.2066373,3
61.21976758,1
61.23289786,8
61.24602814,6
61.25915843,3
61.27228871,1
61.28541899,3
61.29854927,7
61.31167956,4
61.32480984,4
61.33794012,2
61.3510704,3
61.36420069,6
61.37733097,7
61.39046125,2
61.40359154,4
61.41672182,6
61.4298521,1
61.44298238,6
61.45611267,4
61.46924295,0
61.48237323,4
61.49550351,5
61.5086338,3
61.52176408,2
61.53489436,3
61.54802464,3
61.56115493,5
61.57428521,5
61.58741549,4
61.60054578,4
61.61367606,3
61.62680634,5
61.63993662,5
61.65306691,3
61.66619719,4
61.67932747,5
61.69245775,3
61.70558804,2
61.71871832,6
61.7318486,3
61.74497888,2
61.75810917,2
61.77123945,2
61.78436973,4
61.79750002,4
61.8106303,4
61.82376058,2
61.83689086,4
61.85002115,7
61.86315143,0
61.87628171,4
61.88941199,1
61.90254228,6
61.91567256,2
61.92880284,3
61.94193312,3
61.95506341,10
61.96819369,3
61.98132397,3
61.99445426,6
62.00758454,1
62.02071482,6
62.0338451,4
62.04697539,0
62.06010567,6
62.07323595,4
62.08636623,5
62.09949652,7
62.1126268,6
62.12575708,2
62.13888737,6
62.15201765,6
62.16514793,7
62.17827821,11
62.1914085,8
62.20453878,10
62.21766906,9
62.23079934,5
62.24392963,10
62.25705991,5
62.27019019,11
62.28332047,12
62.29645076,6
62.30958104,11
62.32271132,19
62.33584161,15
62.34897189,11
62.36210217,14
62.37523245,13
62.38836274,28
62.40149302,26
62.4146233,27
62.42775358,43
62.44088387,56
62.45401415,60
62.46714443,53
62.48027471,80
62.493405,128
62.50653528,179
62.51966556,191
62.53279585,147
62.54592613,124
62.55905641,103
62.57218669,93
62.58531698,65
62.59844726,51
62.61157754,25
62.62470782,43
62.63783811,36
62.65096839,54
62.66409867,63
62.67722895,93
62.69035924,81
62.70348952,90
62.7166198,71
62.72975009,55
62.74288037,47
62.75601065,36
62.76914093,17
62.78227122,11
62.7954015,8
62.80853178,5
62.82166206,5
62.83479235,12
62.84792263,6
62.86105291,9
62.87418319,8
62.88731348,6
62.90044376,11
62.91357404,4
62.92670433,4
62.93983461,9
62.95296489,6
62.96609517,2
62.97922546,8
62.99235574,4
63.00548602,7
63.0186163,5
63.03174659,8
63.04487687,3
63.05800715,10
63.07113744,4
63.08426772,5
63.097398,10
63.11052828,7
63.12365857,6
63.13678885,3
63.14991913,9
63.16304941,3
63.1761797,5
63.18930998,6
63.20244026,2
63.21557054,5
63.22870083,0
63.24183111,2
63.25496139,0
63.26809168,6
63.28122196,8
63.29435224,7
63.30748252,5
63.32061281,6
63.33374309,4
63.34687337,5
63.36000365,7
63.37313394,2
63.38626422,7
63.3993945,3
63.41252478,3
63.42565507,3
63.43878535,4
63.45191563,5
63.46504592,7
63.4781762,0
63.49130648,5
63.50443676,5
63.51756705,3
63.53069733,2
63.54382761,6
63.55695789,9
63.57008818,8
63.58321846,5
63.59634874,3
63.60947902,6
63.62260931,14
63.63573959,4
63.64886987,5
63.66200016,6
63.67513044,3
63.68826072,15
63.701391,11
63.71452129,23
63.72765157,13
63.74078185,18
63.75391213,21
63.76704242,25
63.7801727,36
63.79330298,33
63.80643326,34
63.81956355,39
63.83269383,38
63.84582411,23
63.8589544,31
63.87208468,21
63.88521496,20
63.89834524,22
63.91147553,11
63.92460581,15
63.93773609,12
63.95086637,13
63.96399666,20
63.97712694,24
63.99025722,22
64.00338751,15
64.01651779,14
64.02964807,14
64.04277835,15
64.05590864,12
64.06903892,5
64.0821692,4
64.09529948,3
64.10842977,4
64.12156005,9
64.13469033,6
64.14782061,6
64.1609509,5
64.17408118,3
64.18721146,2
64.20034175,2
64.21347203,5
64.22660231,6
64.23973259,7
64.25286288,2
64.26599316,7
64.27912344,7
64.29225372,6
64.30538401,8
64.31851429,7
64.33164457,1
64.34477485,5
64.35790514,8
64.37103542,9
64.3841657,15
64.39729599,7
64.41042627,11
64.42355655,9
64.43668683,16
64.44981712,16
64.4629474,7
64.47607768,15
64.48920796,28
64.50233825,22
64.51546853,31
64.52859881,43
64.54172909,45
64.55485938,62
64.56798966,72
64.58111994,98
64.59425023,78
64.60738051,85
64.62051079,75
64.63364107,66
64.64677136,45
64.65990164,39
64.67303192,22
64.6861622,23
64.69929249,23
64.71242277,13
64.72555305,28
64.73868333,36
64.75181362,54
64.7649439,46
64.77807418,44
64.79120447,50
64.80433475,43
64.81746503,32
64.83059531,38
64.8437256,20
64.85685588,19
64.86998616,7
64.88311644,11
64.89624673,9
64.90937701,10
64.92250729,6
64.93563758,7
64.94876786,3
64.96189814,3
64.97502842,6
64.98815871,6
65.00128899,9
65.01441927,6
65.02754955,8
65.04067984,3
65.05381012,2
65.0669404,4
65.08007068,9
65.09320097,4
65.10633125,5
65.11946153,1
65.13259182,2
65.1457221,7
65.15885238,5
65.17198266,8
65.18511295,7
65.19824323,10
65.21137351,6
65.22450379,4
65.23763408,1
65.25076436,5
65.26389464,5
65.27702492,6
65.29015521,1
65.30328549,1
65.31641577,2
65.32954606,3
65.34267634,9
65.35580662,4
65.3689369,6
65.38206719,4
65.39519747,4
65.40832775,2
65.42145803,4
65.43458832,3
65.4477186,2
65.46084888,2
65.47397916,8
65.48710945,9
65.50023973,8
65.51337001,5
65.5265003,0
65.53963058,2
65.55276086,7
65.56589114,5
65.57902143,3
65.59215171,4
65.60528199,6
65.61841227,4
65.63154256,3
65.64467284,1
65.65780312,1
65.6709334,3
65.68406369,2
65.69719397,8
65.71032425,0
65.72345454,5
65.73658482,6
65.7497151,4
65.76284538,4
65.77597567,2
65.78910595,2
65.80223623,3
65.81536651,4
65.8284968,3
65.84162708,4
65.85475736,7
65.86788765,4
65.88101793,13
65.89414821,0
65.90727849,2
65.92040878,2
65.93353906,5
65.94666934,2
65.95979962,3
65.97292991,3
65.98606019,2
65.99919047,4
66.01232075,2
66.02545104,7
66.03858132,5
66.0517116,5
66.06484189,4
66.07797217,4
66.09110245,3
66.10423273,6
66.11736302,1
66.1304933,0
66.14362358,4
66.15675386,10
66.16988415,3
66.18301443,3
66.19614471,4
66.20927499,1
66.22240528,2
66.23553556,4
66.24866584,5
66.26179613,2
66.27492641,4
66.28805669,1
66.30118697,2
66.31431726,6
66.32744754,4
66.34057782,8
66.3537081,2
66.36683839,1
66.37996867,1
66.39309895,4
66.40622923,2
66.41935952,3
66.4324898,7
66.44562008,6
66.45875037,0
66.47188065,4
66.48501093,2
66.49814121,5
66.5112715,3
66.52440178,5
66.53753206,7
66.55066234,3
66.56379263,3
66.57692291,3
66.59005319,3
66.60318347,3
66.61631376,5
66.62944404,10
66.64257432,3
66.65570461,5
66.66883489,3
66.68196517,1
66.69509545,4
66.70822574,2
66.72135602,3
66.7344863,4
66.74761658,4
66.76074687,3
66.77387715,0
66.78700743,4
66.80013772,3
66.813268,2
66.82639828,4
66.83952856,2
66.85265885,6
66.86578913,3
66.87891941,5
66.89204969,2
66.90517998,7
66.91831026,5
66.93144054,2
66.94457082,5
66.95770111,2
66.97083139,2
66.98396167,3
66.99709196,9
67.01022224,8
67.02335252,6
67.0364828,5
67.04961309,4
67.06274337,4
67.07587365,5
67.08900393,7
67.10213422,6
67.1152645,0
67.12839478,2
67.14152506,4
67.15465535,1
67.16778563,2
67.18091591,2
67.1940462,6
67.20717648,6
67.22030676,4
67.23343704,4
67.24656733,4
67.25969761,4
67.27282789,2
67.28595817,0
67.29908846,1
67.31221874,2
67.32534902,1
67.3384793,3
67.35160959,2
67.36473987,2
67.37787015,3
67.39100044,5
67.40413072,3
67.417261,8
67.43039128,4
67.44352157,1
67.45665185,6
67.46978213,3
67.48291241,2
67.4960427,2
67.50917298,2
67.52230326,4
67.53543354,5
67.54856383,4
67.56169411,3
67.57482439,4
67.58795468,1
67.60108496,6
67.61421524,4
67.62734552,3
67.64047581,4
67.65360609,4
67.66673637,7
67.67986665,4
67.69299694,9
67.70612722,3
67.7192575,3
67.73238779,4
67.74551807,3
67.75864835,0
67.77177863,3
67.78490892,7
67.7980392,4
67.81116948,5
67.82429976,5
67.83743005,5
67.85056033,5
67.86369061,5
67.87682089,4
67.88995118,7
67.90308146,6
67.91621174,6
67.92934203,3
67.94247231,2
67.95560259,3
67.96873287,2
67.98186316,6
67.99499344,4
68.00812372,1
68.021254,5
68.03438429,1
68.04751457,2
68.06064485,2
68.07377513,5
68.08690542,5
68.1000357,4
68.11316598,6
68.12629627,4
68.13942655,0
68.15255683,3
68.16568711,4
68.1788174,5
68.19194768,2
68.20507796,6
68.21820824,4
68.23133853,3
68.24446881,7
68.25759909,2
68.27072937,3
68.28385966,2
68.29698994,6
68.31012022,9
68.32325051,4
68.33638079,2
68.34951107,2
68.36264135,4
68.37577164,5
68.38890192,0
68.4020322,1
68.41516248,3
68.42829277,2
68.44142305,0
68.45455333,3
68.46768361,5
68.4808139,7
68.49394418,3
68.50707446,6
68.52020475,4
68.53333503,0
68.54646531,2
68.55959559,4
68.57272588,5
68.58585616,4
68.59898644,5
68.61211672,6
68.62524701,9
68.63837729,6
68.65150757,4
68.66463786,5
68.67776814,3
68.69089842,4
68.7040287,5
68.71715899,2
68.73028927,4
68.74341955,4
68.75654983,0
68.76968012,3
68.7828104,7
68.79594068,3
68.80907096,8
68.82220125,2
68.83533153,1
68.84846181,5
68.8615921,5
68.87472238,6
68.88785266,7
68.90098294,3
68.91411323,4
68.92724351,1
68.94037379,8
68.95350407,5
68.96663436,2
68.97976464,6
68.99289492,2
69.0060252,2
69.01915549,5
69.03228577,5
69.04541605,0
69.05854634,1
69.07167662,5
69.0848069,4
69.09793718,4
69.11106747,5
69.12419775,4
69.13732803,1
69.15045831,4
69.1635886,1
69.17671888,8
69.18984916,3
69.20297944,2
69.21610973,2
69.22924001,1
69.24237029,3
69.25550058,1
69.26863086,2
69.28176114,7
69.29489142,4
69.30802171,1
69.32115199,2
69.33428227,3
69.34741255,4
69.36054284,3
69.37367312,4
69.3868034,4
69.39993368,5
69.41306397,4
69.42619425,2
69.43932453,4
69.45245482,3
69.4655851,1
69.47871538,1
69.49184566,1
69.50497595,4
69.51810623,9
69.53123651,7
69.54436679,5
69.55749708,0
69.57062736,5
69.58375764,0
69.59688793,5
69.61001821,2
69.62314849,3
69.63627877,8
69.64940906,3
69.66253934,4
69.67566962,4
69.6887999,2
69.70193019,4
69.71506047,0
69.72819075,0
69.74132103,4
69.75445132,4
69.7675816,2
69.78071188,5
69.79384217,7
69.80697245,3
69.82010273,8
69.83323301,8
69.8463633,7
69.85949358,2
69.87262386,3
69.88575414,6
69.89888443,6
69.91201471,3
69.92514499,7
69.93827527,3
69.95140556,1
69.96453584,3
69.97766612,3
69.99079641,1
70.00392669,3
70.01705697,1
70.03018725,3
70.04331754,3
70.05644782,7
70.0695781,3
70.08270838,10
70.09583867,0
70.10896895,3
70.12209923,3
70.13522951,5
70.1483598,3
70.16149008,2
70.17462036,3
70.18775065,1
70.20088093,2
70.21401121,2
70.22714149,2
70.24027178,4
70.25340206,3
70.26653234,4
70.27966262,3
70.29279291,8
70.30592319,3
70.31905347,5
70.33218375,2
70.34531404,0
70.35844432,4
70.3715746,6
70.38470489,0
70.39783517,5
70.41096545,4
70.42409573,3
70.43722602,0
70.4503563,2
70.46348658,3
70.47661686,3
70.48974715,2
70.50287743,2
70.51600771,4
70.529138,6
70.54226828,2
70.55539856,4
70.56852884,5
70.58165913,3
70.59478941,8
70.60791969,2
70.62104997,8
70.63418026,3
70.64731054,6
70.66044082,2
70.6735711,1
70.68670139,2
70.69983167,2
70.71296195,5
70.72609224,4
70.73922252,2
70.7523528,6
70.76548308,3
70.77861337,2
70.79174365,1
70.80487393,3
70.81800421,5
70.8311345,5
70.84426478,4
70.85739506,0
70.87052534,1
70.88365563,5
70.89678591,8
70.90991619,3
70.92304648,5
70.93617676,2
70.94930704,4
70.96243732,5
70.97556761,1
70.98869789,4
71.00182817,3
71.01495845,4
71.02808874,5
71.04121902,5
71.0543493,4
71.06747958,7
71.08060987,5
71.09374015,3
71.10687043,3
71.12000072,5
71.133131,3
71.14626128,4
71.15939156,1
71.17252185,1
71.18565213,1
71.19878241,3
71.21191269,4
71.22504298,1
71.23817326,5
71.25130354,4
71.26443382,7
71.27756411,1
71.29069439,7
71.30382467,2
71.31695496,3
71.33008524,1
71.34321552,3
71.3563458,1
71.36947609,6
71.38260637,3
71.39573665,3
71.40886693,4
71.42199722,3
71.4351275,3
71.44825778,2
71.46138807,3
71.47451835,1
71.48764863,4
71.50077891,3
71.5139092,5
71.52703948,5
71.54016976,5
71.55330004,1
71.56643033,6
71.57956061,7
71.59269089,5
71.60582117,7
71.61895146,8
71.63208174,2
71.64521202,6
71.65834231,4
71.67147259,4
71.68460287,0
71.69773315,6
71.71086344,5
71.72399372,4
71.737124,4
71.75025428,8
71.76338457,7
71.77651485,6
71.78964513,3
71.80277541,7
71.8159057,9
71.82903598,6
71.84216626,2
71.85529655,9
71.86842683,6
71.88155711,6
71.89468739,2
71.90781768,4
71.92094796,4
71.93407824,3
71.94720852,5
71.96033881,4
71.97346909,7
71.98659937,3
71.99972965,7
72.01285994,5
72.02599022,2
72.0391205,4
72.05225079,0
72.06538107,3
72.07851135,5
72.09164163,3
72.10477192,5
72.1179022,5
72.13103248,7
72.14416276,10
72.15729305,5
72.17042333,10
72.18355361,7
72.19668389,3
72.20981418,7
72.22294446,6
72.23607474,6
72.24920503,12
72.26233531,7
72.27546559,10
72.28859587,4
72.30172616,9
72.31485644,12
72.32798672,19
72.341117,15
72.35424729,21
72.36737757,34
72.38050785,26
72.39363814,43
72.40676842,51
72.4198987,51
72.43302898,69
72.44615927,48
72.45928955,39
72.47241983,25
72.48555011,22
72.4986804,12
72.51181068,15
72.52494096,8
72.53807124,14
72.55120153,12
72.56433181,18
72.57746209,18
72.59059238,28
72.60372266,18
72.61685294,28
72.62998322,37
72.64311351,39
72.65624379,27
72.66937407,29
72.68250435,17
72.69563464,12
72.70876492,12
72.7218952,12
72.73502548,11
72.74815577,7
72.76128605,10
72.77441633,4
72.78754662,6
72.8006769,5
72.81380718,2
72.82693746,6
72.84006775,3
72.85319803,7
72.86632831,1
72.87945859,11
72.89258888,1
72.90571916,8
72.91884944,2
72.93197972,7
72.94511001,9
72.95824029,4
72.97137057,3
72.98450086,6
72.99763114,3
73.01076142,11
73.0238917,10
73.03702199,11
73.05015227,17
73.06328255,13
73.07641283,21
73.08954312,15
73.1026734,23
73.11580368,38
73.12893396,41
73.14206425,47
73.15519453,63
73.16832481,58
73.1814551,52
73.19458538,40
73.20771566,38
73.22084594,20
73.23397623,25
73.24710651,13
73.26023679,13
73.27336707,19
73.28649736,13
73.29962764,13
73.31275792,13
73.32588821,26
73.33901849,19
73.35214877,15
73.36527905,29
73.37840934,33
73.39153962,22
73.4046699,23
73.41780018,16
73.43093047,7
73.44406075,9
73.45719103,9
73.47032131,15
73.4834516,10
73.49658188,2
73.50971216,9
73.52284245,9
73.53597273,2
73.54910301,5
73.56223329,8
73.57536358,6
73.58849386,7
73.60162414,2
73.61475442,3
73.62788471,8
73.64101499,4
73.65414527,2
73.66727555,1
73.68040584,3
73.69353612,5
73.7066664,7
73.71979669,3
73.73292697,3
73.74605725,3
73.75918753,5
73.77231782,3
73.7854481,7
73.79857838,3
73.81170866,7
73.82483895,7
73.83796923,6
73.85109951,4
73.86422979,3
73.87736008,5
73.89049036,0
73.90362064,2
73.91675093,7
73.92988121,4
73.94301149,3
73.95614177,3
73.96927206,3
73.98240234,2
73.99553262,2
74.0086629,1
74.02179319,3
74.03492347,4
74.04805375,7
74.06118404,4
74.07431432,2
74.0874446,3
74.10057488,1
74.11370517,2
74.12683545,2
74.13996573,2
74.15309601,2
74.1662263,3
74.17935658,6
74.19248686,4
74.20561714,5
74.21874743,6
74.23187771,5
74.24500799,1
74.25813828,3
74.27126856,7
74.28439884,2
74.29752912,8
74.31065941,2
74.32378969,6
74.33691997,5
74.35005025,4
74.36318054,3
74.37631082,4
74.3894411,1
74.40257138,4
74.41570167,0
74.42883195,4
74.44196223,8
74.45509252,2
74.4682228,5
74.48135308,2
74.49448336,5
74.50761365,5
74.52074393,3
74.53387421,7
74.54700449,8
74.56013478,4
74.57326506,6
74.58639534,0
74.59952562,2
74.61265591,5
74.62578619,1
74.63891647,8
74.65204676,6
74.66517704,4
74.67830732,3
74.6914376,3
74.70456789,3
74.71769817,4
74.73082845,3
74.74395873,4
74.75708902,3
74.7702193,1
74.78334958,1
74.79647986,4
74.80961015,4
74.82274043,4
74.83587071,0
74.849001,6
74.86213128,3
74.87526156,4
74.88839184,4
74.90152213,5
74.91465241,2
74.92778269,5
74.94091297,2
74.95404326,3
74.96717354,8
74.98030382,5
74.99343411,5
75.00656439,4
75.01969467,4
75.03282495,4
75.04595524,5
75.05908552,3
75.0722158,8
75.08534608,5
75.09847637,2
75.11160665,5
75.12473693,2
75.13786721,3
75.1509975,1
75.16412778,4
75.17725806,1
75.19038835,3
75.20351863,3
75.21664891,1
75.22977919,2
75.24290948,2
75.25603976,7
75.26917004,3
75.28230032,4
75.29543061,4
75.30856089,7
75.32169117,4
75.33482145,3
75.34795174,3
75.36108202,8
75.3742123,2
75.38734259,4
75.40047287,4
75.41360315,3
75.42673343,5
75.43986372,2
75.452994,5
75.46612428,4
75.47925456,6
75.49238485,2
75.50551513,0
75.51864541,0
75.53177569,3
75.54490598,0
75.55803626,1
75.57116654,3
75.58429683,4
75.59742711,1
75.61055739,2
75.62368767,2
75.63681796,2
75.64994824,3
75.66307852,3
75.6762088,4
75.68933909,4
75.70246937,2
75.71559965,0
75.72872993,6
75.74186022,1
75.7549905,3
75.76812078,4
75.78125107,4
75.79438135,1
75.80751163,9
75.82064191,5
75.8337722,4
75.84690248,5
75.86003276,5
75.87316304,5
75.88629333,4
75.89942361,8
75.91255389,3
75.92568418,2
75.93881446,2
75.95194474,0
75.96507502,2
75.97820531,6
75.99133559,2
76.00446587,4
76.01759615,3
76.03072644,3
76.04385672,1
76.056987,8
76.07011728,7
76.08324757,1
76.09637785,4
76.10950813,8
76.12263842,3
76.1357687,4
76.14889898,3
76.16202926,2
76.17515955,4
76.18828983,5
76.20142011,8
76.21455039,5
76.22768068,4
76.24081096,6
76.25394124,6
76.26707152,1
76.28020181,7
76.29333209,0
76.30646237,3
76.31959266,3
76.33272294,4
76.34585322,2
76.3589835,4
76.37211379,5
76.38524407,4
76.39837435,6
76.41150463,5
76.42463492,4
76.4377652,5
76.45089548,3
76.46402576,6
76.47715605,2
76.49028633,2
76.50341661,3
76.5165469,4
76.52967718,3
76.54280746,7
76.55593774,6
76.56906803,1
76.58219831,2
76.59532859,2
76.60845887,4
76.62158916,3
76.63471944,3
76.64784972,1
76.66098,3
76.67411029,9
76.68724057,0
76.70037085,3
76.71350114,4
76.72663142,1
76.7397617,1
76.75289198,3
76.76602227,4
76.77915255,5
76.79228283,1
76.80541311,0
76.8185434,1
76.83167368,1
76.84480396,5
76.85793425,5
76.87106453,6
76.88419481,4
76.89732509,2
76.91045538,7
76.92358566,2
76.93671594,8
76.94984622,2
76.96297651,8
76.97610679,2
76.98923707,3
77.00236735,2
77.01549764,2
77.02862792,4
77.0417582,1
77.05488849,3
77.06801877,5
77.08114905,6
77.09427933,3
77.10740962,4
77.1205399,2
77.13367018,1
77.14680046,4
77.15993075,4
77.17306103,6
77.18619131,5
77.19932159,2
77.21245188,1
77.22558216,9
77.23871244,6
77.25184273,5
77.26497301,6
77.27810329,3
77.29123357,3
77.30436386,3
77.31749414,4
77.33062442,1
77.3437547,6
77.35688499,5
77.37001527,0
77.38314555,1
77.39627583,3
77.40940612,6
77.4225364,3
77.43566668,2
77.44879697,2
77.46192725,3
77.47505753,3
77.48818781,1
77.5013181,7
77.51444838,9
77.52757866,4
77.54070894,4
77.55383923,8
77.56696951,5
77.58009979,2
77.59323007,5
77.60636036,4
77.61949064,2
77.63262092,10
77.64575121,5
77.65888149,6
77.67201177,6
77.68514205,3
77.69827234,4
77.71140262,2
77.7245329,5
77.73766318,7
77.75079347,3
77.76392375,3
77.77705403,1
77.79018432,1
77.8033146,3
77.81644488,5
77.82957516,1
77.84270545,4
77.85583573,6
77.86896601,4
77.88209629,1
77.89522658,4
77.90835686,2
77.92148714,2
77.93461742,3
77.94774771,2
77.96087799,3
77.97400827,3
77.98713856,3
78.00026884,1
78.01339912,3
78.0265294,7
78.03965969,2
78.05278997,5
78.06592025,4
78.07905053,2
78.09218082,6
78.1053111,7
78.11844138,3
78.13157166,3
78.14470195,4
78.15783223,3
78.17096251,3
78.1840928,3
78.19722308,2
78.21035336,2
78.22348364,5
78.23661393,2
78.24974421,3
78.26287449,2
78.27600477,4
78.28913506,10
78.30226534,3
78.31539562,8
78.3285259,4
78.34165619,1
78.35478647,5
78.36791675,2
78.38104704,6
78.39417732,1
78.4073076,2
78.42043788,7
78.43356817,4
78.44669845,4
78.45982873,5
78.47295901,2
78.4860893,4
78.49921958,3
78.51234986,5
78.52548014,2
78.53861043,5
78.55174071,5
78.56487099,3
78.57800128,7
78.59113156,8
78.60426184,12
78.61739212,6
78.63052241,8
78.64365269,2
78.65678297,4
78.66991325,9
78.68304354,4
78.69617382,10
78.7093041,5
78.72243439,5
78.73556467,6
78.74869495,2
78.76182523,4
78.77495552,4
78.7880858,2
78.80121608,5
78.81434636,4
78.82747665,3
78.84060693,1
78.85373721,1
78.86686749,6
78.87999778,6
78.89312806,6
78.90625834,6
78.91938863,5
78.93251891,9
78.94564919,4
78.95877947,6
78.97190976,8
78.98504004,8
78.99817032,3
79.0113006,9
79.02443089,6
79.03756117,7
79.05069145,5
79.06382173,8
79.07695202,5
79.0900823,6
79.10321258,5
79.11634287,5
79.12947315,5
79.14260343,6
79.15573371,8
79.168864,2
79.18199428,7
79.19512456,5
79.20825484,7
79.22138513,12
79.23451541,8
79.24764569,6
79.26077597,7
79.27390626,7
79.28703654,9
79.30016682,14
79.31329711,7
79.32642739,9
79.33955767,16
79.35268795,11
79.36581824,21
79.37894852,30
79.3920788,27
79.40520908,37
79.41833937,47
79.43146965,56
79.44459993,61
79.45773021,105
79.4708605,101
79.48399078,110
79.49712106,141
79.51025135,133
79.52338163,95
79.53651191,81
79.54964219,69
79.56277248,42
79.57590276,35
79.58903304,29
79.60216332,25
79.61529361,24
79.62842389,26
79.64155417,20
79.65468446,38
79.66781474,32
79.68094502,33
79.6940753,44
79.70720559,67
79.72033587,53
79.73346615,66
79.74659643,58
79.75972672,65
79.772857,55
79.78598728,41
79.79911756,27
79.81224785,17
79.82537813,10
79.83850841,14
79.8516387,11
79.86476898,7
79.87789926,5
79.89102954,13
79.90415983,11
79.91729011,7
79.93042039,2
79.94355067,5
79.95668096,4
79.96981124,5
79.98294152,6
79.9960718,6
80.00920209,5
80.02233237,1
80.03546265,5
80.04859294,4
80.06172322,7
80.0748535,1
80.08798378,2
80.10111407,4
80.11424435,8
80.12737463,5
80.14050491,3
80.1536352,3
80.16676548,2
80.17989576,9
80.19302604,6
80.20615633,8
80.21928661,3
80.23241689,1
80.24554718,1
80.25867746,8
80.27180774,1
80.28493802,6
80.29806831,11
80.31119859,0
80.32432887,4
80.33745915,2
80.35058944,3
80.36371972,3
80.37685,0
80.38998028,8
80.40311057,3
80.41624085,6
80.42937113,7
80.44250142,6
80.4556317,5
80.46876198,3
80.48189226,4
80.49502255,4
80.50815283,1
80.52128311,8
80.53441339,1
80.54754368,2
80.56067396,4
80.57380424,2
80.58693453,1
80.60006481,4
80.61319509,4
80.62632537,6
80.63945566,3
80.65258594,4
80.66571622,7
80.6788465,5
80.69197679,3
80.70510707,2
80.71823735,3
80.73136763,2
80.74449792,5
80.7576282,4
80.77075848,6
80.78388877,3
80.79701905,3
80.81014933,5
80.82327961,1
80.8364099,3
80.84954018,6
80.86267046,4
80.87580074,3
80.88893103,0
80.90206131,3
80.91519159,7
80.92832187,4
80.94145216,9
80.95458244,2
80.96771272,4
80.98084301,3
80.99397329,1
81.00710357,1
81.02023385,5
81.03336414,6
81.04649442,5
81.0596247,4
81.07275498,2
81.08588527,4
81.09901555,0
81.11214583,4
81.12527611,2
81.1384064,4
81.15153668,4
81.16466696,1
81.17779725,3
81.19092753,7
81.20405781,2
81.21718809,5
81.23031838,4
81.24344866,4
81.25657894,7
81.26970922,9
81.28283951,4
81.29596979,5
81.30910007,1
81.32223035,1
81.33536064,2
81.34849092,2
81.3616212,1
81.37475149,3
81.38788177,2
81.40101205,3
81.41414233,3
81.42727262,5
81.4404029,6
81.45353318,4
81.46666346,0
81.47979375,4
81.49292403,4
81.50605431,0
81.5191846,2
81.53231488,6
81.54544516,1
81.55857544,0
81.57170573,3
81.58483601,4
81.59796629,2
81.61109657,3
81.62422686,3
81.63735714,1
81.65048742,6
81.6636177,6
81.67674799,3
81.68987827,3
81.70300855,5
81.71613884,2
81.72926912,7
81.7423994,1
81.75552968,2
81.76865997,4
81.78179025,5
81.79492053,6
81.80805081,3
81.8211811,6
81.83431138,8
81.84744166,4
81.86057194,6
81.87370223,6
81.88683251,5
81.89996279,3
81.91309308,7
81.92622336,2
81.93935364,4
81.95248392,10
81.96561421,7
81.97874449,3
81.99187477,4
82.00500505,2
82.01813534,1
82.03126562,3
82.0443959,3
82.05752618,3
82.07065647,6
82.08378675,2
82.09691703,1
82.11004732,3
82.1231776,4
82.13630788,6
82.14943816,6
82.16256845,1
82.17569873,1
82.18882901,2
82.20195929,8
82.21508958,1
82.22821986,2
82.24135014,4
82.25448042,4
82.26761071,9
82.28074099,6
82.29387127,4
82.30700156,2
82.32013184,2
82.33326212,2
82.3463924,7
82.35952269,4
82.37265297,4
82.38578325,4
82.39891353,0
82.41204382,2
82.4251741,2
82.43830438,3
82.45143467,6
82.46456495,4
82.47769523,6
82.49082551,1
82.5039558,0
82.51708608,3
82.53021636,5
82.54334664,3
82.55647693,9
82.56960721,7
82.58273749,7
82.59586777,3
82.60899806,1
82.62212834,1
82.63525862,3
82.64838891,3
82.66151919,4
82.67464947,0
82.68777975,5
82.70091004,4
82.71404032,5
82.7271706,4
82.74030088,3
82.75343117,4
82.76656145,3
82.77969173,3
82.79282201,4
82.8059523,5
82.81908258,2
82.83221286,2
82.84534315,3
82.85847343,4
82.87160371,4
82.88473399,8
82.89786428,2
82.91099456,0
82.92412484,7
82.93725512,4
82.95038541,6
82.96351569,0
82.97664597,6
82.98977625,3
83.00290654,5
83.01603682,6
83.0291671,3
83.04229739,5
83.05542767,3
83.06855795,2
83.08168823,1
83.09481852,2
83.1079488,1
83.12107908,2
83.13420936,0
83.14733965,1
83.16046993,7
83.17360021,3
83.18673049,4
83.19986078,2
83.21299106,4
83.22612134,2
83.23925163,1
83.25238191,1
83.26551219,2
83.27864247,3
83.29177276,2
83.30490304,3
83.31803332,2
83.3311636,0
83.34429389,4
83.35742417,0
83.37055445,1
83.38368474,0
83.39681502,0
83.4099453,3
83.42307558,3
83.43620587,2
83.44933615,3
83.46246643,1
83.47559671,6
83.488727,7
83.50185728,2
83.51498756,2
83.52811784,1
83.54124813,3
83.55437841,4
83.56750869,4
83.58063898,6
83.59376926,7
83.60689954,3
83.62002982,3
83.63316011,0
83.64629039,5
83.65942067,2
83.67255095,2
83.68568124,3
83.69881152,3
83.7119418,1
83.72507208,2
83.73820237,1
83.75133265,9
83.76446293,5
83.77759322,3
83.7907235,1
83.80385378,3
83.81698406,2
83.83011435,7
83.84324463,8
83.85637491,6
83.86950519,4
83.88263548,7
83.89576576,4
83.90889604,0
83.92202632,4
83.93515661,4
83.94828689,8
83.96141717,3
83.97454746,0
83.98767774,2
84.00080802,5
84.0139383,3
84.02706859,2
84.04019887,4
84.05332915,4
84.06645943,5
84.07958972,5
84.09272,3
84.10585028,2
84.11898056,5
84.13211085,4
84.14524113,3
84.15837141,5
84.1715017,1
84.18463198,1
84.19776226,3
84.21089254,1
84.22402283,1
84.23715311,3
84.25028339,1
84.26341367,1
84.27654396,5
84.28967424,5
84.30280452,9
84.31593481,5
84.32906509,2
84.34219537,1
84.35532565,3
84.36845594,3
84.38158622,7
84.3947165,1
84.40784678,2
84.42097707,3
84.43410735,2
84.44723763,4
84.46036791,4
84.4734982,5
84.48662848,1
84.49975876,3
84.51288905,4
84.52601933,1
84.53914961,2
84.55227989,0
84.56541018,4
84.57854046,3
84.59167074,3
84.60480102,1
84.61793131,6
84.63106159,5
84.64419187,3
84.65732215,7
84.67045244,2
84.68358272,3
84.696713,2
84.70984329,0
84.72297357,2
84.73610385,1
84.74923413,12
84.76236442,3
84.7754947,1
84.78862498,4
84.80175526,2
84.81488555,5
84.82801583,1
84.84114611,2
84.85427639,2
84.86740668,7
84.88053696,4
84.89366724,2
84.90679753,8
84.91992781,7
84.93305809,5
84.94618837,4
84.95931866,6
84.97244894,3
84.98557922,5
84.9987095,2
85.01183979,3
85.02497007,1
85.03810035,5
85.05123063,2
85.06436092,7
85.0774912,7
85.09062148,1
85.10375177,3
85.11688205,3
85.13001233,4
85.14314261,3
85.1562729,8
85.16940318,4
85.18253346,0
85.19566374,4
85.20879403,4
85.22192431,4
85.23505459,2
85.24818488,2
85.26131516,5
85.27444544,1
85.28757572,5
85.30070601,4
85.31383629,0
85.32696657,3
85.34009685,7
85.35322714,5
85.36635742,3
85.3794877,4
85.39261798,3
85.40574827,3
85.41887855,2
85.43200883,3
85.44513912,1
85.4582694,2
85.47139968,7
85.48452996,3
85.49766025,4
85.51079053,4
85.52392081,4
85.53705109,4
85.55018138,3
85.56331166,3
85.57644194,5
85.58957222,3
85.60270251,5
85.61583279,5
85.62896307,3
85.64209336,3
85.65522364,5
85.66835392,5
85.6814842,4
85.69461449,4
85.70774477,2
85.72087505,1
85.73400533,4
85.74713562,1
85.7602659,5
85.77339618,3
85.78652646,7
85.79965675,5
85.81278703,3
85.82591731,4
85.8390476,4
85.85217788,1
85.86530816,2
85.87843844,8
85.89156873,0
85.90469901,1
85.91782929,1
85.93095957,6
85.94408986,2
85.95722014,2
85.97035042,4
85.9834807,4
85.99661099,0
86.00974127,2
86.02287155,8
86.03600184,3
86.04913212,3
86.0622624,2
86.07539268,3
86.08852297,3
86.10165325,5
86.11478353,4
86.12791381,1
86.1410441,3
86.15417438,1
86.16730466,6
86.18043495,2
86.19356523,1
86.20669551,4
86.21982579,5
86.23295608,6
86.24608636,6
86.25921664,2
86.27234692,3
86.28547721,3
86.29860749,1
86.31173777,3
86.32486805,1
86.33799834,0
86.35112862,3
86.3642589,3
86.37738919,5
86.39051947,6
86.40364975,7
86.41678003,3
86.42991032,6
86.4430406,0
86.45617088,4
86.46930116,4
86.48243145,4
86.49556173,0
86.50869201,0
86.52182229,1
86.53495258,2
86.54808286,7
86.56121314,3
86.57434343,2
86.58747371,2
86.60060399,3
86.61373427,2
86.62686456,2
86.63999484,2
86.65312512,3
86.6662554,5
86.67938569,7
86.69251597,9
86.70564625,2
86.71877653,6
86.73190682,2
86.7450371,5
86.75816738,0
86.77129767,3
86.78442795,3
86.79755823,4
86.81068851,4
86.8238188,6
86.83694908,3
86.85007936,1
86.86320964,4
86.87633993,6
86.88947021,2
86.90260049,4
86.91573078,2
86.92886106,6
86.94199134,2
86.95512162,2
86.96825191,4
86.98138219,4
86.99451247,5
87.00764275,3
87.02077304,6
87.03390332,0
87.0470336,3
87.06016388,5
87.07329417,6
87.08642445,1
87.09955473,3
87.11268502,4
87.1258153,4
87.13894558,8
87.15207586,3
87.16520615,7
87.17833643,2
87.19146671,5
87.20459699,1
87.21772728,3
87.23085756,4
87.24398784,6
87.25711812,1
87.27024841,1
87.28337869,6
87.29650897,2
87.30963926,3
87.32276954,5
87.33589982,1
87.3490301,0
87.36216039,1
87.37529067,3
87.38842095,2
87.40155123,1
87.41468152,7
87.4278118,6
87.44094208,2
87.45407236,2
87.46720265,1
87.48033293,4
87.49346321,1
87.5065935,1
87.51972378,7
87.53285406,4
87.54598434,4
87.55911463,4
87.57224491,6
87.58537519,2
87.59850547,3
87.61163576,5
87.62476604,2
87.63789632,3
87.6510266,8
87.66415689,4
87.67728717,3
87.69041745,7
87.70354774,6
87.71667802,3
87.7298083,0
87.74293858,4
87.75606887,4
87.76919915,3
87.78232943,2
87.79545971,1
87.80859,6
87.82172028,5
87.83485056,3
87.84798085,6
87.86111113,3
87.87424141,5
87.88737169,1
87.90050198,4
87.91363226,3
87.92676254,1
87.93989282,4
87.95302311,5
87.96615339,5
87.97928367,8
87.99241395,2
88.00554424,2
88.01867452,2
88.0318048,4
88.04493509,2
88.05806537,1
88.07119565,2
88.08432593,5
88.09745622,3
88.1105865,2
88.12371678,4
88.13684706,3
88.14997735,5
88.16310763,3
88.17623791,5
88.18936819,1
88.20249848,5
88.21562876,2
88.22875904,2
88.24188933,4
88.25501961,8
88.26814989,2
88.28128017,8
88.29441046,0
88.30754074,1
88.32067102,3
88.3338013,5
88.34693159,9
88.36006187,7
88.37319215,2
88.38632243,0
88.39945272,3
88.412583,2
88.42571328,3
88.43884357,7
88.45197385,2
88.46510413,0
88.47823441,5
88.4913647,6
88.50449498,3
88.51762526,1
88.53075554,5
88.54388583,3
88.55701611,8
88.57014639,4
88.58327667,5
88.59640696,6
88.60953724,3
88.62266752,3
88.63579781,4
88.64892809,4
88.66205837,3
88.67518865,10
88.68831894,5
88.70144922,0
88.7145795,1
88.72770978,6
88.74084007,5
88.75397035,3
88.76710063,3
88.78023092,7
88.7933612,6
88.80649148,4
88.81962176,6
88.83275205,7
88.84588233,11
88.85901261,1
88.87214289,3
88.88527318,3
88.89840346,3
88.91153374,6
88.92466402,8
88.93779431,6
88.95092459,5
88.96405487,1
88.97718516,1
88.99031544,4
89.00344572,7
89.016576,3
89.02970629,3
89.04283657,0
89.05596685,3
89.06909713,3
89.08222742,3
89.0953577,8
89.10848798,2
89.12161826,2
89.13474855,2
89.14787883,4
89.16100911,1
89.1741394,5
89.18726968,6
89.20039996,5
89.21353024,9
89.22666053,4
89.23979081,7
89.25292109,7
89.26605137,6
89.27918166,9
89.29231194,8
89.30544222,5
89.3185725,14
89.33170279,24
89.34483307,26
89.35796335,27
89.37109364,35
89.38422392,56
89.3973542,45
89.41048448,36
89.42361477,47
89.43674505,40
89.44987533,30
89.46300561,25
89.4761359,14
89.48926618,16
89.50239646,10
89.51552674,4
89.52865703,4
89.54178731,7
89.55491759,11
89.56804788,6
89.58117816,12
89.59430844,9
89.60743872,9
89.62056901,9
89.63369929,13
89.64682957,20
89.65995985,17
89.67309014,22
89.68622042,31
89.6993507,31
89.71248099,16
89.72561127,17
89.73874155,14
89.75187183,12
89.76500212,5
89.7781324,9
89.79126268,8
89.80439296,5
89.81752325,9
89.83065353,4
89.84378381,5
89.85691409,3
89.87004438,4
89.88317466,2
89.89630494,4
89.90943523,5
89.92256551,7
89.93569579,6
89.94882607,4
89.96195636,0
89.97508664,1
89.98821692,1
90.0013472,10
90.01447749,5
90.02760777,5
90.04073805,3
90.05386833,5
90.06699862,2
90.0801289,4
90.09325918,2
90.10638947,3
90.11951975,4
90.13265003,5
90.14578031,4
90.1589106,3
90.17204088,3
90.18517116,3
90.19830144,1
90.21143173,10
90.22456201,5
90.23769229,6
90.25082257,3
90.26395286,2
90.27708314,1
90.29021342,6
90.30334371,2
90.31647399,6
90.32960427,5
90.34273455,0
90.35586484,5
90.36899512,5
90.3821254,4
90.39525568,3
90.40838597,2
90.42151625,5
90.43464653,2
90.44777681,3
90.4609071,7
90.47403738,3
90.48716766,4
90.50029795,3
90.51342823,2
90.52655851,4
90.53968879,6
90.55281908,2
90.56594936,4
90.57907964,7
90.59220992,6
90.60534021,5
90.61847049,2
90.63160077,1
90.64473106,3
90.65786134,5
90.67099162,4
90.6841219,6
90.69725219,1
90.71038247,2
90.72351275,0
90.73664303,1
90.74977332,3
90.7629036,3
90.77603388,2
90.78916416,1
90.80229445,4
90.81542473,6
90.82855501,2
90.8416853,6
90.85481558,6
90.86794586,5
90.88107614,4
90.89420643,4
90.90733671,4
90.92046699,2
90.93359727,5
90.94672756,9
90.95985784,6
90.97298812,5
90.9861184,4
90.99924869,6
91.01237897,3
91.02550925,2
91.03863954,5
91.05176982,1
91.0649001,5
91.07803038,5
91.09116067,4
91.10429095,9
91.11742123,5
91.13055151,2
91.1436818,2
91.15681208,6
91.16994236,0
91.18307264,3
91.19620293,2
91.20933321,3
91.22246349,4
91.23559378,0
91.24872406,8
91.26185434,2
91.27498462,7
91.28811491,3
91.30124519,6
91.31437547,5
91.32750575,3
91.34063604,3
91.35376632,5
91.3668966,2
91.38002688,0
91.39315717,4
91.40628745,6
91.41941773,2
91.43254802,8
91.4456783,3
91.45880858,5
91.47193886,4
91.48506915,7
91.49819943,2
91.51132971,3
91.52445999,1
91.53759028,1
91.55072056,0
91.56385084,1
91.57698113,0
91.59011141,4
91.60324169,4
91.61637197,3
91.62950226,3
91.64263254,3
91.65576282,1
91.6688931,5
91.68202339,1
91.69515367,7
91.70828395,1
91.72141423,2
91.73454452,2
91.7476748,5
91.76080508,4
91.77393537,2
91.78706565,2
91.80019593,5
91.81332621,1
91.8264565,0
91.83958678,11
91.85271706,2
91.86584734,4
91.87897763,5
91.89210791,2
91.90523819,2
91.91836847,2
91.93149876,4
91.94462904,3
91.95775932,6
91.97088961,2
91.98401989,1
91.99715017,3
92.01028045,3
92.02341074,0
92.03654102,3
92.0496713,6
92.06280158,4
92.07593187,1
92.08906215,5
92.10219243,3
92.11532271,2
92.128453,5
92.14158328,2
92.15471356,2
92.16784385,1
92.18097413,4
92.19410441,2
92.20723469,2
92.22036498,1
92.23349526,2
92.24662554,3
92.25975582,6
92.27288611,5
92.28601639,2
92.29914667,3
92.31227695,1
92.32540724,4
92.33853752,2
92.3516678,2
92.36479809,5
92.37792837,3
92.39105865,3
92.40418893,4
92.41731922,6
92.4304495,3
92.44357978,5
92.45671006,6
92.46984035,4
92.48297063,3
92.49610091,1
92.5092312,1
92.52236148,0
92.53549176,3
92.54862204,2
92.56175233,5
92.57488261,3
92.58801289,2
92.60114317,4
92.61427346,6
92.62740374,3
92.64053402,3
92.6536643,2
92.66679459,3
92.67992487,10
92.69305515,4
92.70618544,7
92.71931572,2
92.732446,6
92.74557628,6
92.75870657,4
92.77183685,1
92.78496713,4
92.79809741,8
92.8112277,3
92.82435798,4
92.83748826,0
92.85061854,1
92.86374883,9
92.87687911,3
92.89000939,9
92.90313968,1
92.91626996,3
92.92940024,3
92.94253052,2
92.95566081,4
92.96879109,3
92.98192137,2
92.99505165,2
93.00818194,1
93.02131222,4
93.0344425,6
93.04757278,2
93.06070307,8
93.07383335,1
93.08696363,3
93.10009392,2
93.1132242,2
93.12635448,2
93.13948476,6
93.15261505,0
93.16574533,0
93.17887561,6
93.19200589,3
93.20513618,9
93.21826646,5
93.23139674,3
93.24452702,4
93.25765731,7
93.27078759,2
93.28391787,4
93.29704816,3
93.31017844,6
93.32330872,2
93.336439,4
93.34956929,1
93.36269957,1
93.37582985,8
93.38896013,4
93.40209042,6
93.4152207,2
93.42835098,2
93.44148127,6
93.45461155,6
93.46774183,4
93.48087211,1
93.4940024,1
93.50713268,4
93.52026296,9
93.53339324,6
93.54652353,4
93.55965381,1
93.57278409,3
93.58591437,2
93.59904466,5
93.61217494,1
93.62530522,4
93.63843551,8
93.65156579,3
93.66469607,9
93.67782635,3
93.69095664,5
93.70408692,0
93.7172172,3
93.73034748,3
93.74347777,5
93.75660805,6
93.76973833,1
93.78286861,4
93.7959989,3
93.80912918,5
93.82225946,6
93.83538975,8
93.84852003,4
93.86165031,3
93.87478059,2
93.88791088,2
93.90104116,5
93.91417144,1
93.92730172,4
93.94043201,6
93.95356229,1
93.96669257,3
93.97982285,1
93.99295314,3
94.00608342,7
94.0192137,4
94.03234399,6
94.04547427,5
94.05860455,1
94.07173483,5
94.08486512,4
94.0979954,1
94.11112568,3
94.12425596,3
94.13738625,1
94.15051653,6
94.16364681,3
94.17677709,8
94.18990738,2
94.20303766,1
94.21616794,3
94.22929823,4
94.24242851,4
94.25555879,7
94.26868907,5
94.28181936,1
94.29494964,4
94.30807992,8
94.3212102,3
94.33434049,3
94.34747077,5
94.36060105,3
94.37373134,7
94.38686162,3
94.3999919,3
94.41312218,3
94.42625247,6
94.43938275,3
94.45251303,6
94.46564331,2
94.4787736,6
94.49190388,6
94.50503416,0
94.51816444,3
94.53129473,6
94.54442501,2
94.55755529,2
94.57068558,6
94.58381586,4
94.59694614,3
94.61007642,6
94.62320671,5
94.63633699,6
94.64946727,2
94.66259755,2
94.67572784,7
94.68885812,5
94.7019884,4
94.71511868,4
94.72824897,3
94.74137925,2
94.75450953,6
94.76763982,3
94.7807701,2
94.79390038,4
94.80703066,7
94.82016095,4
94.83329123,6
94.84642151,4
94.85955179,3
94.87268208,7
94.88581236,7
94.89894264,3
94.91207292,7
94.92520321,6
94.93833349,5
94.95146377,4
94.96459406,2
94.97772434,3
94.99085462,5
95.0039849,7
95.01711519,14
95.03024547,9
95.04337575,15
95.05650603,23
95.06963632,14
95.0827666,16
95.09589688,17
95.10902716,33
95.12215745,31
95.13528773,23
95.14841801,28
95.1615483,17
95.17467858,10
95.18780886,13
95.20093914,13
95.21406943,13
95.22719971,7
95.24032999,6
95.25346027,4
95.26659056,6
95.27972084,10
95.29285112,14
95.30598141,7
95.31911169,5
95.33224197,9
95.34537225,10
95.35850254,11
95.37163282,12
95.3847631,12
95.39789338,13
95.41102367,15
95.42415395,22
95.43728423,22
95.45041451,22
95.4635448,27
95.47667508,31
95.48980536,22
95.50293565,26
95.51606593,26
95.52919621,21
95.54232649,53
95.55545678,42
95.56858706,39
95.58171734,48
95.59484762,20
95.60797791,21
95.62110819,15
95.63423847,13
95.64736875,17
95.66049904,11
95.67362932,11
95.6867596,10
95.69988989,7
95.71302017,7
95.72615045,3
95.73928073,6
95.75241102,6
95.7655413,10
95.77867158,8
95.79180186,9
95.80493215,20
95.81806243,9
95.83119271,14
95.84432299,25
95.85745328,21
95.87058356,24
95.88371384,13
95.89684413,15
95.90997441,13
95.92310469,12
95.93623497,6
95.94936526,10
95.96249554,9
95.97562582,5
95.9887561,7
96.00188639,7
96.01501667,4
96.02814695,2
96.04127723,4
96.05440752,4
96.0675378,2
96.08066808,2
96.09379837,0
96.10692865,10
96.12005893,5
96.13318921,0
96.1463195,7
96.15944978,7
96.17258006,10
96.18571034,4
96.19884063,6
96.21197091,3
96.22510119,2
96.23823148,5
96.25136176,7
96.26449204,7
96.27762232,4
96.29075261,3
96.30388289,4
96.31701317,3
96.33014345,10
96.34327374,7
96.35640402,1
96.3695343,3
96.38266458,0
96.39579487,3
96.40892515,6
96.42205543,4
96.43518572,5
96.448316,6
96.46144628,7
96.47457656,5
96.48770685,6
96.50083713,2
96.51396741,4
96.52709769,6
96.54022798,6
96.55335826,5
96.56648854,8
96.57961882,7
96.59274911,8
96.60587939,5
96.61900967,7
96.63213996,8
96.64527024,6
96.65840052,10
96.6715308,10
96.68466109,12
96.69779137,13
96.71092165,12
96.72405193,12
96.73718222,14
96.7503125,12
96.76344278,12
96.77657306,12
96.78970335,5
96.80283363,4
96.81596391,4
96.8290942,1
96.84222448,4
96.85535476,10
96.86848504,6
96.88161533,5
96.89474561,1
96.90787589,8
96.92100617,9
96.93413646,7
96.94726674,4
96.96039702,13
96.9735273,4
96.98665759,6
96.99978787,11
97.01291815,4
97.02604844,11
97.03917872,13
97.052309,8
97.06543928,8
97.07856957,10
97.09169985,9
97.10483013,3
97.11796041,5
97.1310907,4
97.14422098,10
97.15735126,8
97.17048155,4
97.18361183,5
97.19674211,4
97.20987239,4
97.22300268,4
97.23613296,1
97.24926324,5
97.26239352,8
97.27552381,5
97.28865409,14
97.30178437,7
97.31491465,4
97.32804494,15
97.34117522,10
97.3543055,18
97.36743579,14
97.38056607,27
97.39369635,28
97.40682663,26
97.41995692,38
97.4330872,25
97.44621748,22
97.45934776,18
97.47247805,18
97.48560833,5
97.49873861,5
97.51186889,9
97.52499918,9
97.53812946,4
97.55125974,10
97.56439003,8
97.57752031,4
97.59065059,6
97.60378087,5
97.61691116,5
97.63004144,2
97.64317172,7
97.656302,14
97.66943229,15
97.68256257,12
97.69569285,8
97.70882313,13
97.72195342,13
97.7350837,17
97.74821398,15
97.76134427,13
97.77447455,9
97.78760483,7
97.80073511,6
97.8138654,9
97.82699568,5
97.84012596,9
97.85325624,3
97.86638653,7
97.87951681,8
97.89264709,5
97.90577737,0
97.91890766,6
97.93203794,6
97.94516822,6
97.95829851,6
97.97142879,6
97.98455907,6
97.99768935,5
98.01081964,6
98.02394992,3
98.0370802,4
98.05021048,3
98.06334077,6
98.07647105,5
98.08960133,8
98.10273162,3
98.1158619,5
98.12899218,7
98.14212246,3
98.15525275,6
98.16838303,3
98.18151331,3
98.19464359,5
98.20777388,7
98.22090416,4
98.23403444,2
98.24716472,3
98.26029501,4
98.27342529,5
98.28655557,7
98.29968586,4
98.31281614,7
98.32594642,4
98.3390767,3
98.35220699,2
98.36533727,4
98.37846755,2
98.39159783,7
98.40472812,3
98.4178584,5
98.43098868,2
98.44411896,5
98.45724925,3
98.47037953,5
98.48350981,0
98.4966401,6
98.50977038,4
98.52290066,3
98.53603094,5
98.54916123,4
98.56229151,4
98.57542179,3
98.58855207,2
98.60168236,2
98.61481264,1
98.62794292,3
98.6410732,4
98.65420349,4
98.66733377,3
98.68046405,7
98.69359434,2
98.70672462,4
98.7198549,6
98.73298518,2
98.74611547,1
98.75924575,5
98.77237603,5
98.78550631,8
98.7986366,5
98.81176688,6
98.82489716,1
98.83802744,4
98.85115773,3
98.86428801,3
98.87741829,2
98.89054858,4
98.90367886,4
98.91680914,7
98.92993942,5
98.94306971,5
98.95619999,2
98.96933027,4
98.98246055,6
98.99559084,0
99.00872112,3
99.0218514,2
99.03498169,2
99.04811197,6
99.06124225,4
99.07437253,3
99.08750282,5
99.1006331,4
99.11376338,3
99.12689366,3
99.14002395,6
99.15315423,3
99.16628451,5
99.17941479,6
99.19254508,6
99.20567536,4
99.21880564,2
99.23193593,3
99.24506621,3
99.25819649,7
99.27132677,2
99.28445706,4
99.29758734,6
99.31071762,1
99.3238479,1
99.33697819,5
99.35010847,7
99.36323875,3
99.37636903,5
99.38949932,6
99.4026296,1
99.41575988,5
99.42889017,4
99.44202045,6
99.45515073,6
99.46828101,4
99.4814113,6
99.49454158,9
99.50767186,5
99.52080214,2
99.53393243,3
99.54706271,6
99.56019299,3
99.57332327,6
99.58645356,6
99.59958384,7
99.61271412,3
99.62584441,5
99.63897469,2
99.65210497,5
99.66523525,5
99.67836554,0
99.69149582,5
99.7046261,5
99.71775638,1
99.73088667,2
99.74401695,5
99.75714723,3
99.77027752,1
99.7834078,1
99.79653808,4
99.80966836,2
99.82279865,2
99.83592893,11
99.84905921,7
99.86218949,5
99.87531978,7
99.88845006,2
99.90158034,2
99.91471062,5
99.92784091,7
99.94097119,11
99.95410147,4
99.96723176,2
99.98036204,1
99.99349232,4